,Country,Climate,HouseType,RennovationDegree,Number
0,AT,N,AB,001,AT.N.AB.01.Gen.ReEx.001.001
1,AT,N,AB,002,AT.N.AB.01.Gen.ReEx.001.002
2,AT,N,AB,003,AT.N.AB.01.Gen.ReEx.001.003
3,AT,N,AB,001,AT.N.AB.02.Gen.ReEx.001.001
4,AT,N,AB,002,AT.N.AB.02.Gen.ReEx.001.002
5,AT,N,AB,003,AT.N.AB.02.Gen.ReEx.001.003
6,AT,N,AB,001,AT.N.AB.03.Gen.ReEx.001.001
7,AT,N,AB,002,AT.N.AB.03.Gen.ReEx.001.002
8,AT,N,AB,003,AT.N.AB.03.Gen.ReEx.001.003
9,AT,N,AB,001,AT.N.AB.04.Gen.ReEx.001.001
10,AT,N,AB,002,AT.N.AB.04.Gen.ReEx.001.002
11,AT,N,AB,003,AT.N.AB.04.Gen.ReEx.001.003
12,AT,N,AB,001,AT.N.AB.05.Gen.ReEx.001.001
13,AT,N,AB,002,AT.N.AB.05.Gen.ReEx.001.002
14,AT,N,AB,003,AT.N.AB.05.Gen.ReEx.001.003
15,AT,N,AB,001,AT.N.AB.06.Gen.ReEx.001.001
16,AT,N,AB,002,AT.N.AB.06.Gen.ReEx.001.002
17,AT,N,AB,003,AT.N.AB.06.Gen.ReEx.001.003
18,AT,N,AB,001,AT.N.AB.07.Gen.ReEx.001.001
19,AT,N,AB,002,AT.N.AB.07.Gen.ReEx.001.002
20,AT,N,AB,003,AT.N.AB.07.Gen.ReEx.001.003
21,AT,N,AB,001,AT.N.AB.08.Gen.ReEx.001.001
22,AT,N,AB,002,AT.N.AB.08.Gen.ReEx.001.002
23,AT,N,AB,003,AT.N.AB.08.Gen.ReEx.001.003
24,AT,N,MFH,001,AT.N.MFH.01.Gen.ReEx.001.001
25,AT,N,MFH,002,AT.N.MFH.01.Gen.ReEx.001.002
26,AT,N,MFH,003,AT.N.MFH.01.Gen.ReEx.001.003
27,AT,N,MFH,001,AT.N.MFH.02.Gen.ReEx.001.001
28,AT,N,MFH,002,AT.N.MFH.02.Gen.ReEx.001.002
29,AT,N,MFH,003,AT.N.MFH.02.Gen.ReEx.001.003
30,AT,N,MFH,001,AT.N.MFH.03.Gen.ReEx.001.001
31,AT,N,MFH,002,AT.N.MFH.03.Gen.ReEx.001.002
32,AT,N,MFH,003,AT.N.MFH.03.Gen.ReEx.001.003
33,AT,N,MFH,001,AT.N.MFH.04.Gen.ReEx.001.001
34,AT,N,MFH,002,AT.N.MFH.04.Gen.ReEx.001.002
35,AT,N,MFH,003,AT.N.MFH.04.Gen.ReEx.001.003
36,AT,N,MFH,001,AT.N.MFH.05.Gen.ReEx.001.001
37,AT,N,MFH,002,AT.N.MFH.05.Gen.ReEx.001.002
38,AT,N,MFH,003,AT.N.MFH.05.Gen.ReEx.001.003
39,AT,N,MFH,001,AT.N.MFH.06.Gen.ReEx.001.001
40,AT,N,MFH,002,AT.N.MFH.06.Gen.ReEx.001.002
41,AT,N,MFH,003,AT.N.MFH.06.Gen.ReEx.001.003
42,AT,N,MFH,001,AT.N.MFH.07.Gen.ReEx.001.001
43,AT,N,MFH,002,AT.N.MFH.07.Gen.ReEx.001.002
44,AT,N,MFH,003,AT.N.MFH.07.Gen.ReEx.001.003
45,AT,N,MFH,001,AT.N.MFH.08.Gen.ReEx.001.001
46,AT,N,MFH,002,AT.N.MFH.08.Gen.ReEx.001.002
47,AT,N,MFH,003,AT.N.MFH.08.Gen.ReEx.001.003
48,AT,N,SFH,001,AT.N.SFH.01.Gen.ReEx.001.001
49,AT,N,SFH,002,AT.N.SFH.01.Gen.ReEx.001.002
50,AT,N,SFH,003,AT.N.SFH.01.Gen.ReEx.001.003
51,AT,N,SFH,001,AT.N.SFH.02.Gen.ReEx.001.001
52,AT,N,SFH,002,AT.N.SFH.02.Gen.ReEx.001.002
53,AT,N,SFH,003,AT.N.SFH.02.Gen.ReEx.001.003
54,AT,N,SFH,001,AT.N.SFH.03.Gen.ReEx.001.001
55,AT,N,SFH,002,AT.N.SFH.03.Gen.ReEx.001.002
56,AT,N,SFH,003,AT.N.SFH.03.Gen.ReEx.001.003
57,AT,N,SFH,001,AT.N.SFH.04.Gen.ReEx.001.001
58,AT,N,SFH,002,AT.N.SFH.04.Gen.ReEx.001.002
59,AT,N,SFH,003,AT.N.SFH.04.Gen.ReEx.001.003
60,AT,N,SFH,001,AT.N.SFH.05.Gen.ReEx.001.001
61,AT,N,SFH,002,AT.N.SFH.05.Gen.ReEx.001.002
62,AT,N,SFH,003,AT.N.SFH.05.Gen.ReEx.001.003
63,AT,N,SFH,001,AT.N.SFH.06.Gen.ReEx.001.001
64,AT,N,SFH,002,AT.N.SFH.06.Gen.ReEx.001.002
65,AT,N,SFH,003,AT.N.SFH.06.Gen.ReEx.001.003
66,AT,N,SFH,001,AT.N.SFH.07.Gen.ReEx.001.001
67,AT,N,SFH,002,AT.N.SFH.07.Gen.ReEx.001.002
68,AT,N,SFH,003,AT.N.SFH.07.Gen.ReEx.001.003
69,AT,N,SFH,001,AT.N.SFH.08.Gen.ReEx.001.001
70,AT,N,SFH,002,AT.N.SFH.08.Gen.ReEx.001.002
71,AT,N,SFH,003,AT.N.SFH.08.Gen.ReEx.001.003
72,AT,N,TH,001,AT.N.TH.01.Gen.ReEx.001.001
73,AT,N,TH,002,AT.N.TH.01.Gen.ReEx.001.002
74,AT,N,TH,003,AT.N.TH.01.Gen.ReEx.001.003
75,AT,N,TH,001,AT.N.TH.02.Gen.ReEx.001.001
76,AT,N,TH,002,AT.N.TH.02.Gen.ReEx.001.002
77,AT,N,TH,003,AT.N.TH.02.Gen.ReEx.001.003
78,AT,N,TH,001,AT.N.TH.03.Gen.ReEx.001.001
79,AT,N,TH,002,AT.N.TH.03.Gen.ReEx.001.002
80,AT,N,TH,003,AT.N.TH.03.Gen.ReEx.001.003
81,AT,N,TH,001,AT.N.TH.04.Gen.ReEx.001.001
82,AT,N,TH,002,AT.N.TH.04.Gen.ReEx.001.002
83,AT,N,TH,003,AT.N.TH.04.Gen.ReEx.001.003
84,AT,N,TH,001,AT.N.TH.05.Gen.ReEx.001.001
85,AT,N,TH,002,AT.N.TH.05.Gen.ReEx.001.002
86,AT,N,TH,003,AT.N.TH.05.Gen.ReEx.001.003
87,AT,N,TH,001,AT.N.TH.06.Gen.ReEx.001.001
88,AT,N,TH,002,AT.N.TH.06.Gen.ReEx.001.002
89,AT,N,TH,003,AT.N.TH.06.Gen.ReEx.001.003
90,AT,N,TH,001,AT.N.TH.07.Gen.ReEx.001.001
91,AT,N,TH,002,AT.N.TH.07.Gen.ReEx.001.002
92,AT,N,TH,003,AT.N.TH.07.Gen.ReEx.001.003
93,AT,N,TH,001,AT.N.TH.08.Gen.ReEx.001.001
94,AT,N,TH,002,AT.N.TH.08.Gen.ReEx.001.002
95,AT,N,TH,003,AT.N.TH.08.Gen.ReEx.001.003
96,BE,N,AB,001,BE.N.AB.02.Gen.ReEx.001.001
97,BE,N,AB,002,BE.N.AB.02.Gen.ReEx.001.002
98,BE,N,AB,003,BE.N.AB.02.Gen.ReEx.001.003
99,BE,N,AB,001,BE.N.AB.03.Gen.ReEx.001.001
100,BE,N,AB,002,BE.N.AB.03.Gen.ReEx.001.002
101,BE,N,AB,003,BE.N.AB.03.Gen.ReEx.001.003
102,BE,N,AB,001,BE.N.AB.04.Gen.ReEx.001.001
103,BE,N,AB,002,BE.N.AB.04.Gen.ReEx.001.002
104,BE,N,AB,003,BE.N.AB.04.Gen.ReEx.001.003
105,BE,N,AB,001,BE.N.AB.05.Gen.ReEx.001.001
106,BE,N,AB,003,BE.N.AB.05.Gen.ReEx.001.003
107,BE,N,AB,001,BE.N.AB.06.Gen.ReEx.001.001
108,BE,N,AB,002,BE.N.AB.06.Gen.ReEx.001.002
109,BE,N,AB,003,BE.N.AB.06.Gen.ReEx.001.003
110,BE,N,MFH,001,BE.N.MFH.01.Gen.ReEx.001.001
111,BE,N,MFH,002,BE.N.MFH.01.Gen.ReEx.001.002
112,BE,N,MFH,003,BE.N.MFH.01.Gen.ReEx.001.003
113,BE,N,MFH,001,BE.N.MFH.01.Small.ReEx.001.001
114,BE,N,MFH,002,BE.N.MFH.01.Small.ReEx.001.002
115,BE,N,MFH,003,BE.N.MFH.01.Small.ReEx.001.003
116,BE,N,MFH,001,BE.N.MFH.02.Gen.ReEx.001.001
117,BE,N,MFH,002,BE.N.MFH.02.Gen.ReEx.001.002
118,BE,N,MFH,003,BE.N.MFH.02.Gen.ReEx.001.003
119,BE,N,MFH,001,BE.N.MFH.02.Small.ReEx.001.001
120,BE,N,MFH,002,BE.N.MFH.02.Small.ReEx.001.002
121,BE,N,MFH,003,BE.N.MFH.02.Small.ReEx.001.003
122,BE,N,MFH,001,BE.N.MFH.03.Gen.ReEx.001.001
123,BE,N,MFH,002,BE.N.MFH.03.Gen.ReEx.001.002
124,BE,N,MFH,003,BE.N.MFH.03.Gen.ReEx.001.003
125,BE,N,MFH,001,BE.N.MFH.03.Small.ReEx.001.001
126,BE,N,MFH,002,BE.N.MFH.03.Small.ReEx.001.002
127,BE,N,MFH,003,BE.N.MFH.03.Small.ReEx.001.003
128,BE,N,MFH,001,BE.N.MFH.04.Gen.ReEx.001.001
129,BE,N,MFH,002,BE.N.MFH.04.Gen.ReEx.001.002
130,BE,N,MFH,003,BE.N.MFH.04.Gen.ReEx.001.003
131,BE,N,MFH,001,BE.N.MFH.04.Small.ReEx.001.001
132,BE,N,MFH,002,BE.N.MFH.04.Small.ReEx.001.002
133,BE,N,MFH,003,BE.N.MFH.04.Small.ReEx.001.003
134,BE,N,MFH,001,BE.N.MFH.05.Gen.ReEx.001.001
135,BE,N,MFH,003,BE.N.MFH.05.Gen.ReEx.001.003
136,BE,N,MFH,001,BE.N.MFH.05.Small.ReEx.001.001
137,BE,N,MFH,003,BE.N.MFH.05.Small.ReEx.001.003
138,BE,N,MFH,001,BE.N.MFH.06.Gen.ReEx.001.001
139,BE,N,MFH,002,BE.N.MFH.06.Gen.ReEx.001.002
140,BE,N,MFH,003,BE.N.MFH.06.Gen.ReEx.001.003
141,BE,N,MFH,001,BE.N.MFH.06.Small.ReEx.001.001
142,BE,N,MFH,002,BE.N.MFH.06.Small.ReEx.001.002
143,BE,N,MFH,003,BE.N.MFH.06.Small.ReEx.001.003
144,BE,N,SFH,001,BE.N.SFH.01.Gen.ReEx.001.001
145,BE,N,SFH,002,BE.N.SFH.01.Gen.ReEx.001.002
146,BE,N,SFH,003,BE.N.SFH.01.Gen.ReEx.001.003
147,BE,N,SFH,001,BE.N.SFH.02.Gen.ReEx.001.001
148,BE,N,SFH,002,BE.N.SFH.02.Gen.ReEx.001.002
149,BE,N,SFH,003,BE.N.SFH.02.Gen.ReEx.001.003
150,BE,N,SFH,001,BE.N.SFH.03.Gen.ReEx.001.001
151,BE,N,SFH,002,BE.N.SFH.03.Gen.ReEx.001.002
152,BE,N,SFH,003,BE.N.SFH.03.Gen.ReEx.001.003
153,BE,N,SFH,001,BE.N.SFH.04.Gen.ReEx.001.001
154,BE,N,SFH,002,BE.N.SFH.04.Gen.ReEx.001.002
155,BE,N,SFH,003,BE.N.SFH.04.Gen.ReEx.001.003
156,BE,N,SFH,001,BE.N.SFH.05.Gen.ReEx.001.001
157,BE,N,SFH,003,BE.N.SFH.05.Gen.ReEx.001.003
158,BE,N,SFH,001,BE.N.SFH.06.Gen.ReEx.001.001
159,BE,N,SFH,002,BE.N.SFH.06.Gen.ReEx.001.002
160,BE,N,SFH,003,BE.N.SFH.06.Gen.ReEx.001.003
161,BE,N,TH,001,BE.N.TH.01.Gen.ReEx.001.001
162,BE,N,TH,002,BE.N.TH.01.Gen.ReEx.001.002
163,BE,N,TH,003,BE.N.TH.01.Gen.ReEx.001.003
164,BE,N,TH,001,BE.N.TH.01.Semi.ReEx.001.001
165,BE,N,TH,002,BE.N.TH.01.Semi.ReEx.001.002
166,BE,N,TH,003,BE.N.TH.01.Semi.ReEx.001.003
167,BE,N,TH,001,BE.N.TH.02.Gen.ReEx.001.001
168,BE,N,TH,002,BE.N.TH.02.Gen.ReEx.001.002
169,BE,N,TH,003,BE.N.TH.02.Gen.ReEx.001.003
170,BE,N,TH,001,BE.N.TH.02.Semi.ReEx.001.001
171,BE,N,TH,002,BE.N.TH.02.Semi.ReEx.001.002
172,BE,N,TH,003,BE.N.TH.02.Semi.ReEx.001.003
173,BE,N,TH,001,BE.N.TH.03.Gen.ReEx.001.001
174,BE,N,TH,002,BE.N.TH.03.Gen.ReEx.001.002
175,BE,N,TH,003,BE.N.TH.03.Gen.ReEx.001.003
176,BE,N,TH,001,BE.N.TH.03.Semi.ReEx.001.001
177,BE,N,TH,002,BE.N.TH.03.Semi.ReEx.001.002
178,BE,N,TH,003,BE.N.TH.03.Semi.ReEx.001.003
179,BE,N,TH,001,BE.N.TH.04.Gen.ReEx.001.001
180,BE,N,TH,002,BE.N.TH.04.Gen.ReEx.001.002
181,BE,N,TH,003,BE.N.TH.04.Gen.ReEx.001.003
182,BE,N,TH,001,BE.N.TH.04.Semi.ReEx.001.001
183,BE,N,TH,002,BE.N.TH.04.Semi.ReEx.001.002
184,BE,N,TH,003,BE.N.TH.04.Semi.ReEx.001.003
185,BE,N,TH,001,BE.N.TH.05.Gen.ReEx.001.001
186,BE,N,TH,003,BE.N.TH.05.Gen.ReEx.001.003
187,BE,N,TH,001,BE.N.TH.05.Semi.ReEx.001.001
188,BE,N,TH,003,BE.N.TH.05.Semi.ReEx.001.003
189,BE,N,TH,001,BE.N.TH.06.Gen.ReEx.001.001
190,BE,N,TH,002,BE.N.TH.06.Gen.ReEx.001.002
191,BE,N,TH,003,BE.N.TH.06.Gen.ReEx.001.003
192,BE,N,TH,001,BE.N.TH.06.Semi.ReEx.001.001
193,BE,N,TH,002,BE.N.TH.06.Semi.ReEx.001.002
194,BE,N,TH,003,BE.N.TH.06.Semi.ReEx.001.003
195,BG,N,AB,001,BG.N.AB.03.Gen.ReEx.001.001
196,BG,N,AB,002,BG.N.AB.03.Gen.ReEx.001.002
197,BG,N,AB,003,BG.N.AB.03.Gen.ReEx.001.003
198,BG,N,AB,001,BG.N.AB.04.Gen.ReEx.001.001
199,BG,N,AB,002,BG.N.AB.04.Gen.ReEx.001.002
200,BG,N,AB,003,BG.N.AB.04.Gen.ReEx.001.003
201,BG,N,AB,001,BG.N.AB.04.HRis.ReEx.001.001
202,BG,N,AB,002,BG.N.AB.04.HRis.ReEx.001.002
203,BG,N,AB,003,BG.N.AB.04.HRis.ReEx.001.003
204,BG,N,AB,001,BG.N.AB.04.PrefEl.ReEx.001.001
205,BG,N,AB,002,BG.N.AB.04.PrefEl.ReEx.001.002
206,BG,N,AB,003,BG.N.AB.04.PrefEl.ReEx.001.003
207,BG,N,AB,001,BG.N.AB.05.Gen.ReEx.001.001
208,BG,N,AB,002,BG.N.AB.05.Gen.ReEx.001.002
209,BG,N,AB,003,BG.N.AB.05.Gen.ReEx.001.003
210,BG,N,AB,001,BG.N.AB.06.Gen.ReEx.001.001
211,BG,N,AB,002,BG.N.AB.06.Gen.ReEx.001.002
212,BG,N,AB,003,BG.N.AB.06.Gen.ReEx.001.003
213,BG,N,MFH,001,BG.N.MFH.01.Gen.ReEx.001.001
214,BG,N,MFH,002,BG.N.MFH.01.Gen.ReEx.001.002
215,BG,N,MFH,003,BG.N.MFH.01.Gen.ReEx.001.003
216,BG,N,MFH,001,BG.N.MFH.02.Class.ReEx.001.001
217,BG,N,MFH,002,BG.N.MFH.02.Class.ReEx.001.002
218,BG,N,MFH,003,BG.N.MFH.02.Class.ReEx.001.003
219,BG,N,MFH,001,BG.N.MFH.02.Gen.ReEx.001.001
220,BG,N,MFH,002,BG.N.MFH.02.Gen.ReEx.001.002
221,BG,N,MFH,003,BG.N.MFH.02.Gen.ReEx.001.003
222,BG,N,MFH,001,BG.N.MFH.03.Gen.ReEx.001.001
223,BG,N,MFH,002,BG.N.MFH.03.Gen.ReEx.001.002
224,BG,N,MFH,003,BG.N.MFH.03.Gen.ReEx.001.003
225,BG,N,MFH,001,BG.N.MFH.04.Gen.ReEx.001.001
226,BG,N,MFH,002,BG.N.MFH.04.Gen.ReEx.001.002
227,BG,N,MFH,003,BG.N.MFH.04.Gen.ReEx.001.003
228,BG,N,MFH,001,BG.N.MFH.05.Gen.ReEx.001.001
229,BG,N,MFH,002,BG.N.MFH.05.Gen.ReEx.001.002
230,BG,N,MFH,003,BG.N.MFH.05.Gen.ReEx.001.003
231,BG,N,MFH,001,BG.N.MFH.06.Gen.ReEx.001.001
232,BG,N,MFH,002,BG.N.MFH.06.Gen.ReEx.001.002
233,BG,N,MFH,003,BG.N.MFH.06.Gen.ReEx.001.003
234,BG,N,SFH,001,BG.N.SFH.01.Gen.ReEx.001.001
235,BG,N,SFH,002,BG.N.SFH.01.Gen.ReEx.001.002
236,BG,N,SFH,003,BG.N.SFH.01.Gen.ReEx.001.003
237,BG,N,SFH,001,BG.N.SFH.02.Class.ReEx.001.001
238,BG,N,SFH,002,BG.N.SFH.02.Class.ReEx.001.002
239,BG,N,SFH,003,BG.N.SFH.02.Class.ReEx.001.003
240,BG,N,SFH,001,BG.N.SFH.02.Gen.ReEx.001.001
241,BG,N,SFH,002,BG.N.SFH.02.Gen.ReEx.001.002
242,BG,N,SFH,003,BG.N.SFH.02.Gen.ReEx.001.003
243,BG,N,SFH,001,BG.N.SFH.03.Gen.ReEx.001.001
244,BG,N,SFH,002,BG.N.SFH.03.Gen.ReEx.001.002
245,BG,N,SFH,003,BG.N.SFH.03.Gen.ReEx.001.003
246,BG,N,SFH,001,BG.N.SFH.04.Gen.ReEx.001.001
247,BG,N,SFH,002,BG.N.SFH.04.Gen.ReEx.001.002
248,BG,N,SFH,003,BG.N.SFH.04.Gen.ReEx.001.003
249,BG,N,SFH,001,BG.N.SFH.05.Gen.ReEx.001.001
250,BG,N,SFH,002,BG.N.SFH.05.Gen.ReEx.001.002
251,BG,N,SFH,003,BG.N.SFH.05.Gen.ReEx.001.003
252,BG,N,SFH,001,BG.N.SFH.06.Gen.ReEx.001.001
253,BG,N,SFH,002,BG.N.SFH.06.Gen.ReEx.001.002
254,BG,N,SFH,003,BG.N.SFH.06.Gen.ReEx.001.003
255,BG,N,TH,001,BG.N.TH.01.Gen.ReEx.001.001
256,BG,N,TH,002,BG.N.TH.01.Gen.ReEx.001.002
257,BG,N,TH,003,BG.N.TH.01.Gen.ReEx.001.003
258,BG,N,TH,001,BG.N.TH.02.Class.ReEx.001.001
259,BG,N,TH,002,BG.N.TH.02.Class.ReEx.001.002
260,BG,N,TH,003,BG.N.TH.02.Class.ReEx.001.003
261,BG,N,TH,001,BG.N.TH.02.Gen.ReEx.001.001
262,BG,N,TH,002,BG.N.TH.02.Gen.ReEx.001.002
263,BG,N,TH,003,BG.N.TH.02.Gen.ReEx.001.003
264,BG,N,TH,001,BG.N.TH.04.Gen.ReEx.001.001
265,BG,N,TH,002,BG.N.TH.04.Gen.ReEx.001.002
266,BG,N,TH,003,BG.N.TH.04.Gen.ReEx.001.003
267,BG,N,TH,001,BG.N.TH.05.Gen.ReEx.001.001
268,BG,N,TH,002,BG.N.TH.05.Gen.ReEx.001.002
269,BG,N,TH,003,BG.N.TH.05.Gen.ReEx.001.003
270,BG,N,TH,001,BG.N.TH.06.Gen.ReEx.001.001
271,BG,N,TH,002,BG.N.TH.06.Gen.ReEx.001.002
272,BG,N,TH,003,BG.N.TH.06.Gen.ReEx.001.003
273,CY,N,MFH,001,CY.N.MFH.01.Gen.ReEx.001.001
274,CY,N,MFH,002,CY.N.MFH.01.Gen.ReEx.001.002
275,CY,N,MFH,003,CY.N.MFH.01.Gen.ReEx.001.003
276,CY,N,MFH,001,CY.N.MFH.02.Gen.ReEx.001.001
277,CY,N,MFH,002,CY.N.MFH.02.Gen.ReEx.001.002
278,CY,N,MFH,003,CY.N.MFH.02.Gen.ReEx.001.003
279,CY,N,MFH,001,CY.N.MFH.03.Gen.ReEx.001.001
280,CY,N,MFH,002,CY.N.MFH.03.Gen.ReEx.001.002
281,CY,N,MFH,003,CY.N.MFH.03.Gen.ReEx.001.003
282,CY,N,MFH,001,CY.N.MFH.04.Gen.ReEx.001.001
283,CY,N,MFH,002,CY.N.MFH.04.Gen.ReEx.001.002
284,CY,N,MFH,003,CY.N.MFH.04.Gen.ReEx.001.003
285,CY,N,SFH,001,CY.N.SFH.01.Gen.ReEx.001.001
286,CY,N,SFH,002,CY.N.SFH.01.Gen.ReEx.001.002
287,CY,N,SFH,003,CY.N.SFH.01.Gen.ReEx.001.003
288,CY,N,SFH,001,CY.N.SFH.02.Gen.ReEx.001.001
289,CY,N,SFH,002,CY.N.SFH.02.Gen.ReEx.001.002
290,CY,N,SFH,003,CY.N.SFH.02.Gen.ReEx.001.003
291,CY,N,SFH,001,CY.N.SFH.03.Gen.ReEx.001.001
292,CY,N,SFH,002,CY.N.SFH.03.Gen.ReEx.001.002
293,CY,N,SFH,003,CY.N.SFH.03.Gen.ReEx.001.003
294,CY,N,SFH,001,CY.N.SFH.04.Gen.ReEx.001.001
295,CY,N,SFH,002,CY.N.SFH.04.Gen.ReEx.001.002
296,CY,N,SFH,003,CY.N.SFH.04.Gen.ReEx.001.003
297,CY,N,TH,001,CY.N.TH.01.Gen.ReEx.001.001
298,CY,N,TH,002,CY.N.TH.01.Gen.ReEx.001.002
299,CY,N,TH,003,CY.N.TH.01.Gen.ReEx.001.003
300,CY,N,TH,001,CY.N.TH.02.Gen.ReEx.001.001
301,CY,N,TH,002,CY.N.TH.02.Gen.ReEx.001.002
302,CY,N,TH,003,CY.N.TH.02.Gen.ReEx.001.003
303,CY,N,TH,001,CY.N.TH.03.Gen.ReEx.001.001
304,CY,N,TH,002,CY.N.TH.03.Gen.ReEx.001.002
305,CY,N,TH,003,CY.N.TH.03.Gen.ReEx.001.003
306,CY,N,TH,001,CY.N.TH.04.Gen.ReEx.001.001
307,CY,N,TH,002,CY.N.TH.04.Gen.ReEx.001.002
308,CY,N,TH,003,CY.N.TH.04.Gen.ReEx.001.003
309,CZ,N,AB,001,CZ.N.AB.01.Gen.ReEx.001.001
310,CZ,N,AB,002,CZ.N.AB.01.Gen.ReEx.001.002
311,CZ,N,AB,003,CZ.N.AB.01.Gen.ReEx.001.003
312,CZ,N,AB,001,CZ.N.AB.02.Gen.ReEx.001.001
313,CZ,N,AB,002,CZ.N.AB.02.Gen.ReEx.001.002
314,CZ,N,AB,003,CZ.N.AB.02.Gen.ReEx.001.003
315,CZ,N,AB,001,CZ.N.AB.03.Gen.ReEx.001.001
316,CZ,N,AB,002,CZ.N.AB.03.Gen.ReEx.001.002
317,CZ,N,AB,003,CZ.N.AB.03.Gen.ReEx.001.003
318,CZ,N,AB,001,CZ.N.AB.04.Gen.ReEx.001.001
319,CZ,N,AB,002,CZ.N.AB.04.Gen.ReEx.001.002
320,CZ,N,AB,003,CZ.N.AB.04.Gen.ReEx.001.003
321,CZ,N,AB,001,CZ.N.AB.05.Gen.ReEx.001.001
322,CZ,N,AB,002,CZ.N.AB.05.Gen.ReEx.001.002
323,CZ,N,AB,003,CZ.N.AB.05.Gen.ReEx.001.003
324,CZ,N,AB,001,CZ.N.AB.06.Gen.ReEx.001.001
325,CZ,N,AB,002,CZ.N.AB.06.Gen.ReEx.001.002
326,CZ,N,AB,003,CZ.N.AB.06.Gen.ReEx.001.003
327,CZ,N,MFH,001,CZ.N.MFH.01.Gen.ReEx.001.001
328,CZ,N,MFH,002,CZ.N.MFH.01.Gen.ReEx.001.002
329,CZ,N,MFH,003,CZ.N.MFH.01.Gen.ReEx.001.003
330,CZ,N,MFH,001,CZ.N.MFH.02.Gen.ReEx.001.001
331,CZ,N,MFH,002,CZ.N.MFH.02.Gen.ReEx.001.002
332,CZ,N,MFH,003,CZ.N.MFH.02.Gen.ReEx.001.003
333,CZ,N,MFH,001,CZ.N.MFH.03.Gen.ReEx.001.001
334,CZ,N,MFH,002,CZ.N.MFH.03.Gen.ReEx.001.002
335,CZ,N,MFH,003,CZ.N.MFH.03.Gen.ReEx.001.003
336,CZ,N,MFH,001,CZ.N.MFH.04.Gen.ReEx.001.001
337,CZ,N,MFH,002,CZ.N.MFH.04.Gen.ReEx.001.002
338,CZ,N,MFH,003,CZ.N.MFH.04.Gen.ReEx.001.003
339,CZ,N,MFH,001,CZ.N.MFH.05.Gen.ReEx.001.001
340,CZ,N,MFH,002,CZ.N.MFH.05.Gen.ReEx.001.002
341,CZ,N,MFH,003,CZ.N.MFH.05.Gen.ReEx.001.003
342,CZ,N,MFH,001,CZ.N.MFH.06.Gen.ReEx.001.001
343,CZ,N,MFH,002,CZ.N.MFH.06.Gen.ReEx.001.002
344,CZ,N,MFH,003,CZ.N.MFH.06.Gen.ReEx.001.003
345,CZ,N,MFH,001,CZ.N.MFH.07.Gen.ReEx.001.001
346,CZ,N,MFH,002,CZ.N.MFH.07.Gen.ReEx.001.002
347,CZ,N,MFH,003,CZ.N.MFH.07.Gen.ReEx.001.003
348,CZ,N,SFH,001,CZ.N.SFH.01.Gen.ReEx.001.001
349,CZ,N,SFH,002,CZ.N.SFH.01.Gen.ReEx.001.002
350,CZ,N,SFH,003,CZ.N.SFH.01.Gen.ReEx.001.003
351,CZ,N,SFH,001,CZ.N.SFH.02.Gen.ReEx.001.001
352,CZ,N,SFH,002,CZ.N.SFH.02.Gen.ReEx.001.002
353,CZ,N,SFH,003,CZ.N.SFH.02.Gen.ReEx.001.003
354,CZ,N,SFH,001,CZ.N.SFH.03.Gen.ReEx.001.001
355,CZ,N,SFH,002,CZ.N.SFH.03.Gen.ReEx.001.002
356,CZ,N,SFH,003,CZ.N.SFH.03.Gen.ReEx.001.003
357,CZ,N,SFH,001,CZ.N.SFH.04.Gen.ReEx.001.001
358,CZ,N,SFH,002,CZ.N.SFH.04.Gen.ReEx.001.002
359,CZ,N,SFH,003,CZ.N.SFH.04.Gen.ReEx.001.003
360,CZ,N,SFH,001,CZ.N.SFH.05.Gen.ReEx.001.001
361,CZ,N,SFH,002,CZ.N.SFH.05.Gen.ReEx.001.002
362,CZ,N,SFH,003,CZ.N.SFH.05.Gen.ReEx.001.003
363,CZ,N,SFH,001,CZ.N.SFH.06.Gen.ReEx.001.001
364,CZ,N,SFH,002,CZ.N.SFH.06.Gen.ReEx.001.002
365,CZ,N,SFH,003,CZ.N.SFH.06.Gen.ReEx.001.003
366,CZ,N,SFH,001,CZ.N.SFH.07.Gen.ReEx.001.001
367,CZ,N,SFH,002,CZ.N.SFH.07.Gen.ReEx.001.002
368,CZ,N,SFH,003,CZ.N.SFH.07.Gen.ReEx.001.003
369,CZ,N,TH,001,CZ.N.TH.01.Gen.ReEx.001.001
370,CZ,N,TH,002,CZ.N.TH.01.Gen.ReEx.001.002
371,CZ,N,TH,003,CZ.N.TH.01.Gen.ReEx.001.003
372,CZ,N,TH,001,CZ.N.TH.02.Gen.ReEx.001.001
373,CZ,N,TH,002,CZ.N.TH.02.Gen.ReEx.001.002
374,CZ,N,TH,003,CZ.N.TH.02.Gen.ReEx.001.003
375,CZ,N,TH,001,CZ.N.TH.03.Gen.ReEx.001.001
376,CZ,N,TH,002,CZ.N.TH.03.Gen.ReEx.001.002
377,CZ,N,TH,003,CZ.N.TH.03.Gen.ReEx.001.003
378,CZ,N,TH,001,CZ.N.TH.04.Gen.ReEx.001.001
379,CZ,N,TH,002,CZ.N.TH.04.Gen.ReEx.001.002
380,CZ,N,TH,003,CZ.N.TH.04.Gen.ReEx.001.003
381,CZ,N,TH,001,CZ.N.TH.05.Gen.ReEx.001.001
382,CZ,N,TH,002,CZ.N.TH.05.Gen.ReEx.001.002
383,CZ,N,TH,003,CZ.N.TH.05.Gen.ReEx.001.003
384,CZ,N,TH,001,CZ.N.TH.06.Gen.ReEx.001.001
385,CZ,N,TH,002,CZ.N.TH.06.Gen.ReEx.001.002
386,CZ,N,TH,003,CZ.N.TH.06.Gen.ReEx.001.003
387,CZ,N,TH,001,CZ.N.TH.07.Gen.ReEx.001.001
388,CZ,N,TH,002,CZ.N.TH.07.Gen.ReEx.001.002
389,CZ,N,TH,003,CZ.N.TH.07.Gen.ReEx.001.003
390,DE,N,AB,001,DE.N.AB.02.Gen.ReEx.001.001
391,DE,N,AB,002,DE.N.AB.02.Gen.ReEx.001.002
392,DE,N,AB,003,DE.N.AB.02.Gen.ReEx.001.003
393,DE,N,AB,001,DE.N.AB.03.Gen.ReEx.001.001
394,DE,N,AB,002,DE.N.AB.03.Gen.ReEx.001.002
395,DE,N,AB,003,DE.N.AB.03.Gen.ReEx.001.003
396,DE,N,AB,001,DE.N.AB.04.Gen.ReEx.001.001
397,DE,N,AB,002,DE.N.AB.04.Gen.ReEx.001.002
398,DE,N,AB,003,DE.N.AB.04.Gen.ReEx.001.003
399,DE,N,AB,001,DE.N.AB.05.Gen.ReEx.001.001
400,DE,N,AB,002,DE.N.AB.05.Gen.ReEx.001.002
401,DE,N,AB,003,DE.N.AB.05.Gen.ReEx.001.003
402,DE,N,AB,001,DE.N.AB.05.HR.ReEx.001.001
403,DE,N,AB,002,DE.N.AB.05.HR.ReEx.001.002
404,DE,N,AB,003,DE.N.AB.05.HR.ReEx.001.003
405,DE,N,AB,001,DE.N.AB.06.Gen.ReEx.001.001
406,DE,N,AB,002,DE.N.AB.06.Gen.ReEx.001.002
407,DE,N,AB,003,DE.N.AB.06.Gen.ReEx.001.003
408,DE,N,AB,001,DE.N.AB.06.HR.ReEx.001.001
409,DE,N,AB,002,DE.N.AB.06.HR.ReEx.001.002
410,DE,N,AB,003,DE.N.AB.06.HR.ReEx.001.003
411,DE,N,MFH,001,DE.N.MFH.01.Gen.ReEx.001.001
412,DE,N,MFH,002,DE.N.MFH.01.Gen.ReEx.001.002
413,DE,N,MFH,003,DE.N.MFH.01.Gen.ReEx.001.003
414,DE,N,MFH,001,DE.N.MFH.02.Gen.ReEx.001.001
415,DE,N,MFH,002,DE.N.MFH.02.Gen.ReEx.001.002
416,DE,N,MFH,003,DE.N.MFH.02.Gen.ReEx.001.003
417,DE,N,MFH,001,DE.N.MFH.03.Gen.ReEx.001.001
418,DE,N,MFH,002,DE.N.MFH.03.Gen.ReEx.001.002
419,DE,N,MFH,003,DE.N.MFH.03.Gen.ReEx.001.003
420,DE,N,MFH,001,DE.N.MFH.04.Gen.ReEx.001.001
421,DE,N,MFH,002,DE.N.MFH.04.Gen.ReEx.001.002
422,DE,N,MFH,003,DE.N.MFH.04.Gen.ReEx.001.003
423,DE,N,MFH,001,DE.N.MFH.05.Gen.ReEx.001.001
424,DE,N,MFH,002,DE.N.MFH.05.Gen.ReEx.001.002
425,DE,N,MFH,003,DE.N.MFH.05.Gen.ReEx.001.003
426,DE,N,MFH,001,DE.N.MFH.06.Gen.ReEx.001.001
427,DE,N,MFH,002,DE.N.MFH.06.Gen.ReEx.001.002
428,DE,N,MFH,003,DE.N.MFH.06.Gen.ReEx.001.003
429,DE,N,MFH,001,DE.N.MFH.07.Gen.ReEx.001.001
430,DE,N,MFH,002,DE.N.MFH.07.Gen.ReEx.001.002
431,DE,N,MFH,003,DE.N.MFH.07.Gen.ReEx.001.003
432,DE,N,MFH,001,DE.N.MFH.08.Gen.ReEx.001.001
433,DE,N,MFH,002,DE.N.MFH.08.Gen.ReEx.001.002
434,DE,N,MFH,003,DE.N.MFH.08.Gen.ReEx.001.003
435,DE,N,MFH,001,DE.N.MFH.09.Gen.ReEx.001.001
436,DE,N,MFH,002,DE.N.MFH.09.Gen.ReEx.001.002
437,DE,N,MFH,003,DE.N.MFH.09.Gen.ReEx.001.003
438,DE,N,MFH,001,DE.N.MFH.10.Gen.ReEx.001.001
439,DE,N,MFH,002,DE.N.MFH.10.Gen.ReEx.001.002
440,DE,N,MFH,003,DE.N.MFH.10.Gen.ReEx.001.003
441,DE,N,MFH,001,DE.N.MFH.11.Gen.ReEx.001.001
442,DE,N,MFH,002,DE.N.MFH.11.Gen.ReEx.001.002
443,DE,N,MFH,003,DE.N.MFH.11.Gen.ReEx.001.003
444,DE,N,MFH,001,DE.N.MFH.12.Gen.ReEx.001.001
445,DE,N,MFH,002,DE.N.MFH.12.Gen.ReEx.001.002
446,DE,N,MFH,003,DE.N.MFH.12.Gen.ReEx.001.003
447,DE,N,SFH,001,DE.N.SFH.01.Gen.ReEx.001.001
448,DE,N,SFH,002,DE.N.SFH.01.Gen.ReEx.001.002
449,DE,N,SFH,003,DE.N.SFH.01.Gen.ReEx.001.003
450,DE,N,SFH,001,DE.N.SFH.02.Gen.ReEx.001.001
451,DE,N,SFH,002,DE.N.SFH.02.Gen.ReEx.001.002
452,DE,N,SFH,003,DE.N.SFH.02.Gen.ReEx.001.003
453,DE,N,SFH,001,DE.N.SFH.03.Gen.ReEx.001.001
454,DE,N,SFH,002,DE.N.SFH.03.Gen.ReEx.001.002
455,DE,N,SFH,003,DE.N.SFH.03.Gen.ReEx.001.003
456,DE,N,SFH,001,DE.N.SFH.04.Gen.ReEx.001.001
457,DE,N,SFH,002,DE.N.SFH.04.Gen.ReEx.001.002
458,DE,N,SFH,003,DE.N.SFH.04.Gen.ReEx.001.003
459,DE,N,SFH,001,DE.N.SFH.05.Gen.ReEx.001.001
460,DE,N,SFH,002,DE.N.SFH.05.Gen.ReEx.001.002
461,DE,N,SFH,003,DE.N.SFH.05.Gen.ReEx.001.003
462,DE,N,SFH,001,DE.N.SFH.06.Gen.ReEx.001.001
463,DE,N,SFH,002,DE.N.SFH.06.Gen.ReEx.001.002
464,DE,N,SFH,003,DE.N.SFH.06.Gen.ReEx.001.003
465,DE,N,SFH,001,DE.N.SFH.06.LightFrame.ReEx.001.001
466,DE,N,SFH,002,DE.N.SFH.06.LightFrame.ReEx.001.002
467,DE,N,SFH,003,DE.N.SFH.06.LightFrame.ReEx.001.003
468,DE,N,SFH,001,DE.N.SFH.07.Gen.ReEx.001.001
469,DE,N,SFH,002,DE.N.SFH.07.Gen.ReEx.001.002
470,DE,N,SFH,003,DE.N.SFH.07.Gen.ReEx.001.003
471,DE,N,SFH,001,DE.N.SFH.08.Gen.ReEx.001.001
472,DE,N,SFH,002,DE.N.SFH.08.Gen.ReEx.001.002
473,DE,N,SFH,003,DE.N.SFH.08.Gen.ReEx.001.003
474,DE,N,SFH,001,DE.N.SFH.09.Gen.ReEx.001.001
475,DE,N,SFH,002,DE.N.SFH.09.Gen.ReEx.001.002
476,DE,N,SFH,003,DE.N.SFH.09.Gen.ReEx.001.003
477,DE,N,SFH,001,DE.N.SFH.10.Gen.ReEx.001.001
478,DE,N,SFH,002,DE.N.SFH.10.Gen.ReEx.001.002
479,DE,N,SFH,003,DE.N.SFH.10.Gen.ReEx.001.003
480,DE,N,SFH,001,DE.N.SFH.11.Gen.ReEx.001.001
481,DE,N,SFH,002,DE.N.SFH.11.Gen.ReEx.001.002
482,DE,N,SFH,003,DE.N.SFH.11.Gen.ReEx.001.003
483,DE,N,SFH,001,DE.N.SFH.12.Gen.ReEx.001.001
484,DE,N,SFH,002,DE.N.SFH.12.Gen.ReEx.001.002
485,DE,N,SFH,003,DE.N.SFH.12.Gen.ReEx.001.003
486,DE,N,TH,001,DE.N.TH.02.Gen.ReEx.001.001
487,DE,N,TH,002,DE.N.TH.02.Gen.ReEx.001.002
488,DE,N,TH,003,DE.N.TH.02.Gen.ReEx.001.003
489,DE,N,TH,001,DE.N.TH.03.Gen.ReEx.001.001
490,DE,N,TH,002,DE.N.TH.03.Gen.ReEx.001.002
491,DE,N,TH,003,DE.N.TH.03.Gen.ReEx.001.003
492,DE,N,TH,001,DE.N.TH.04.Gen.ReEx.001.001
493,DE,N,TH,002,DE.N.TH.04.Gen.ReEx.001.002
494,DE,N,TH,003,DE.N.TH.04.Gen.ReEx.001.003
495,DE,N,TH,001,DE.N.TH.05.Gen.ReEx.001.001
496,DE,N,TH,002,DE.N.TH.05.Gen.ReEx.001.002
497,DE,N,TH,003,DE.N.TH.05.Gen.ReEx.001.003
498,DE,N,TH,001,DE.N.TH.06.Gen.ReEx.001.001
499,DE,N,TH,002,DE.N.TH.06.Gen.ReEx.001.002
500,DE,N,TH,003,DE.N.TH.06.Gen.ReEx.001.003
501,DE,N,TH,001,DE.N.TH.07.Gen.ReEx.001.001
502,DE,N,TH,002,DE.N.TH.07.Gen.ReEx.001.002
503,DE,N,TH,003,DE.N.TH.07.Gen.ReEx.001.003
504,DE,N,TH,001,DE.N.TH.08.Gen.ReEx.001.001
505,DE,N,TH,002,DE.N.TH.08.Gen.ReEx.001.002
506,DE,N,TH,003,DE.N.TH.08.Gen.ReEx.001.003
507,DE,N,TH,003,DE.N.TH.08.Gen.ReEx.002.003
508,DE,N,TH,001,DE.N.TH.09.Gen.ReEx.001.001
509,DE,N,TH,002,DE.N.TH.09.Gen.ReEx.001.002
510,DE,N,TH,003,DE.N.TH.09.Gen.ReEx.001.003
511,DE,N,TH,001,DE.N.TH.10.Gen.ReEx.001.001
512,DE,N,TH,002,DE.N.TH.10.Gen.ReEx.001.002
513,DE,N,TH,003,DE.N.TH.10.Gen.ReEx.001.003
514,DE,N,TH,001,DE.N.TH.11.Gen.ReEx.001.001
515,DE,N,TH,002,DE.N.TH.11.Gen.ReEx.001.002
516,DE,N,TH,003,DE.N.TH.11.Gen.ReEx.001.003
517,DE,N,TH,001,DE.N.TH.12.Gen.ReEx.001.001
518,DE,N,TH,002,DE.N.TH.12.Gen.ReEx.001.002
519,DE,N,TH,003,DE.N.TH.12.Gen.ReEx.001.003
520,DK,N,AB,001,DK.N.AB.01.Gen.ReEx.001.001
521,DK,N,AB,002,DK.N.AB.01.Gen.ReEx.001.002
522,DK,N,AB,003,DK.N.AB.01.Gen.ReEx.001.003
523,DK,N,AB,001,DK.N.AB.02.Gen.ReEx.001.001
524,DK,N,AB,002,DK.N.AB.02.Gen.ReEx.001.002
525,DK,N,AB,003,DK.N.AB.02.Gen.ReEx.001.003
526,DK,N,AB,001,DK.N.AB.03.Gen.ReEx.001.001
527,DK,N,AB,002,DK.N.AB.03.Gen.ReEx.001.002
528,DK,N,AB,003,DK.N.AB.03.Gen.ReEx.001.003
529,DK,N,AB,001,DK.N.AB.04.Gen.ReEx.001.001
530,DK,N,AB,002,DK.N.AB.04.Gen.ReEx.001.002
531,DK,N,AB,003,DK.N.AB.04.Gen.ReEx.001.003
532,DK,N,AB,001,DK.N.AB.05.Gen.ReEx.001.001
533,DK,N,AB,002,DK.N.AB.05.Gen.ReEx.001.002
534,DK,N,AB,003,DK.N.AB.05.Gen.ReEx.001.003
535,DK,N,AB,001,DK.N.AB.06.Gen.ReEx.001.001
536,DK,N,AB,002,DK.N.AB.06.Gen.ReEx.001.002
537,DK,N,AB,003,DK.N.AB.06.Gen.ReEx.001.003
538,DK,N,AB,001,DK.N.AB.07.Gen.ReEx.001.001
539,DK,N,AB,002,DK.N.AB.07.Gen.ReEx.001.002
540,DK,N,AB,003,DK.N.AB.07.Gen.ReEx.001.003
541,DK,N,AB,001,DK.N.AB.08.Gen.ReEx.001.001
542,DK,N,AB,002,DK.N.AB.08.Gen.ReEx.001.002
543,DK,N,AB,003,DK.N.AB.08.Gen.ReEx.001.003
544,DK,N,AB,001,DK.N.AB.09.Gen.ReEx.001.001
545,DK,N,AB,002,DK.N.AB.09.Gen.ReEx.001.002
546,DK,N,AB,003,DK.N.AB.09.Gen.ReEx.001.003
547,DK,N,AB,001,DK.N.AB.10.Gen.ReEx.001.001
548,DK,N,AB,002,DK.N.AB.10.Gen.ReEx.001.002
549,DK,N,AB,003,DK.N.AB.10.Gen.ReEx.001.003
550,DK,N,SFH,001,DK.N.SFH.01.Gen.ReEx.001.001
551,DK,N,SFH,002,DK.N.SFH.01.Gen.ReEx.001.002
552,DK,N,SFH,003,DK.N.SFH.01.Gen.ReEx.001.003
553,DK,N,SFH,001,DK.N.SFH.02.Gen.ReEx.001.001
554,DK,N,SFH,002,DK.N.SFH.02.Gen.ReEx.001.002
555,DK,N,SFH,003,DK.N.SFH.02.Gen.ReEx.001.003
556,DK,N,SFH,001,DK.N.SFH.03.Gen.ReEx.001.001
557,DK,N,SFH,002,DK.N.SFH.03.Gen.ReEx.001.002
558,DK,N,SFH,003,DK.N.SFH.03.Gen.ReEx.001.003
559,DK,N,SFH,001,DK.N.SFH.04.Gen.ReEx.001.001
560,DK,N,SFH,002,DK.N.SFH.04.Gen.ReEx.001.002
561,DK,N,SFH,003,DK.N.SFH.04.Gen.ReEx.001.003
562,DK,N,SFH,001,DK.N.SFH.05.Gen.ReEx.001.001
563,DK,N,SFH,002,DK.N.SFH.05.Gen.ReEx.001.002
564,DK,N,SFH,003,DK.N.SFH.05.Gen.ReEx.001.003
565,DK,N,SFH,001,DK.N.SFH.06.Gen.ReEx.001.001
566,DK,N,SFH,002,DK.N.SFH.06.Gen.ReEx.001.002
567,DK,N,SFH,003,DK.N.SFH.06.Gen.ReEx.001.003
568,DK,N,SFH,001,DK.N.SFH.07.Gen.ReEx.001.001
569,DK,N,SFH,002,DK.N.SFH.07.Gen.ReEx.001.002
570,DK,N,SFH,003,DK.N.SFH.07.Gen.ReEx.001.003
571,DK,N,SFH,001,DK.N.SFH.08.Gen.ReEx.001.001
572,DK,N,SFH,002,DK.N.SFH.08.Gen.ReEx.001.002
573,DK,N,SFH,003,DK.N.SFH.08.Gen.ReEx.001.003
574,DK,N,SFH,001,DK.N.SFH.09.Gen.ReEx.001.001
575,DK,N,SFH,002,DK.N.SFH.09.Gen.ReEx.001.002
576,DK,N,SFH,003,DK.N.SFH.09.Gen.ReEx.001.003
577,DK,N,SFH,001,DK.N.SFH.10.Gen.ReEx.001.001
578,DK,N,SFH,002,DK.N.SFH.10.Gen.ReEx.001.002
579,DK,N,SFH,003,DK.N.SFH.10.Gen.ReEx.001.003
580,DK,N,TH,001,DK.N.TH.01.Gen.ReEx.001.001
581,DK,N,TH,002,DK.N.TH.01.Gen.ReEx.001.002
582,DK,N,TH,003,DK.N.TH.01.Gen.ReEx.001.003
583,DK,N,TH,001,DK.N.TH.02.Gen.ReEx.001.001
584,DK,N,TH,002,DK.N.TH.02.Gen.ReEx.001.002
585,DK,N,TH,003,DK.N.TH.02.Gen.ReEx.001.003
586,DK,N,TH,001,DK.N.TH.03.Gen.ReEx.001.001
587,DK,N,TH,002,DK.N.TH.03.Gen.ReEx.001.002
588,DK,N,TH,003,DK.N.TH.03.Gen.ReEx.001.003
589,DK,N,TH,001,DK.N.TH.04.Gen.ReEx.001.001
590,DK,N,TH,002,DK.N.TH.04.Gen.ReEx.001.002
591,DK,N,TH,003,DK.N.TH.04.Gen.ReEx.001.003
592,DK,N,TH,001,DK.N.TH.05.Gen.ReEx.001.001
593,DK,N,TH,002,DK.N.TH.05.Gen.ReEx.001.002
594,DK,N,TH,003,DK.N.TH.05.Gen.ReEx.001.003
595,DK,N,TH,001,DK.N.TH.06.Gen.ReEx.001.001
596,DK,N,TH,002,DK.N.TH.06.Gen.ReEx.001.002
597,DK,N,TH,003,DK.N.TH.06.Gen.ReEx.001.003
598,DK,N,TH,001,DK.N.TH.07.Gen.ReEx.001.001
599,DK,N,TH,002,DK.N.TH.07.Gen.ReEx.001.002
600,DK,N,TH,003,DK.N.TH.07.Gen.ReEx.001.003
601,DK,N,TH,001,DK.N.TH.08.Gen.ReEx.001.001
602,DK,N,TH,002,DK.N.TH.08.Gen.ReEx.001.002
603,DK,N,TH,003,DK.N.TH.08.Gen.ReEx.001.003
604,DK,N,TH,001,DK.N.TH.09.Gen.ReEx.001.001
605,DK,N,TH,002,DK.N.TH.09.Gen.ReEx.001.002
606,DK,N,TH,003,DK.N.TH.09.Gen.ReEx.001.003
607,DK,N,TH,001,DK.N.TH.10.Gen.ReEx.001.001
608,DK,N,TH,002,DK.N.TH.10.Gen.ReEx.001.002
609,DK,N,TH,003,DK.N.TH.10.Gen.ReEx.001.003
610,ES,ME,AB,001,ES.ME.AB.01.Gen.ReEx.001.001
611,ES,ME,AB,002,ES.ME.AB.01.Gen.ReEx.001.002
612,ES,ME,AB,003,ES.ME.AB.01.Gen.ReEx.001.003
613,ES,ME,AB,001,ES.ME.AB.02.Gen.ReEx.001.001
614,ES,ME,AB,002,ES.ME.AB.02.Gen.ReEx.001.002
615,ES,ME,AB,003,ES.ME.AB.02.Gen.ReEx.001.003
616,ES,ME,AB,001,ES.ME.AB.03.Gen.ReEx.001.001
617,ES,ME,AB,002,ES.ME.AB.03.Gen.ReEx.001.002
618,ES,ME,AB,003,ES.ME.AB.03.Gen.ReEx.001.003
619,ES,ME,AB,001,ES.ME.AB.04.Gen.ReEx.001.001
620,ES,ME,AB,002,ES.ME.AB.04.Gen.ReEx.001.002
621,ES,ME,AB,003,ES.ME.AB.04.Gen.ReEx.001.003
622,ES,ME,AB,001,ES.ME.AB.05.Gen.ReEx.001.001
623,ES,ME,AB,002,ES.ME.AB.05.Gen.ReEx.001.002
624,ES,ME,AB,003,ES.ME.AB.05.Gen.ReEx.001.003
625,ES,ME,AB,001,ES.ME.AB.06.Gen.ReEx.001.001
626,ES,ME,AB,002,ES.ME.AB.06.Gen.ReEx.001.002
627,ES,ME,AB,003,ES.ME.AB.06.Gen.ReEx.001.003
628,ES,ME,MFH,001,ES.ME.MFH.01.Gen.ReEx.001.001
629,ES,ME,MFH,002,ES.ME.MFH.01.Gen.ReEx.001.002
630,ES,ME,MFH,003,ES.ME.MFH.01.Gen.ReEx.001.003
631,ES,ME,MFH,001,ES.ME.MFH.02.Gen.ReEx.001.001
632,ES,ME,MFH,002,ES.ME.MFH.02.Gen.ReEx.001.002
633,ES,ME,MFH,003,ES.ME.MFH.02.Gen.ReEx.001.003
634,ES,ME,MFH,001,ES.ME.MFH.03.Gen.ReEx.001.001
635,ES,ME,MFH,002,ES.ME.MFH.03.Gen.ReEx.001.002
636,ES,ME,MFH,003,ES.ME.MFH.03.Gen.ReEx.001.003
637,ES,ME,MFH,001,ES.ME.MFH.04.Gen.ReEx.001.001
638,ES,ME,MFH,002,ES.ME.MFH.04.Gen.ReEx.001.002
639,ES,ME,MFH,003,ES.ME.MFH.04.Gen.ReEx.001.003
640,ES,ME,MFH,001,ES.ME.MFH.05.Gen.ReEx.001.001
641,ES,ME,MFH,002,ES.ME.MFH.05.Gen.ReEx.001.002
642,ES,ME,MFH,003,ES.ME.MFH.05.Gen.ReEx.001.003
643,ES,ME,MFH,001,ES.ME.MFH.06.Gen.ReEx.001.001
644,ES,ME,MFH,002,ES.ME.MFH.06.Gen.ReEx.001.002
645,ES,ME,MFH,003,ES.ME.MFH.06.Gen.ReEx.001.003
646,ES,ME,SFH,001,ES.ME.SFH.01.Gen.ReEx.001.001
647,ES,ME,SFH,002,ES.ME.SFH.01.Gen.ReEx.001.002
648,ES,ME,SFH,003,ES.ME.SFH.01.Gen.ReEx.001.003
649,ES,ME,SFH,001,ES.ME.SFH.02.Gen.ReEx.001.001
650,ES,ME,SFH,002,ES.ME.SFH.02.Gen.ReEx.001.002
651,ES,ME,SFH,003,ES.ME.SFH.02.Gen.ReEx.001.003
652,ES,ME,SFH,001,ES.ME.SFH.03.Gen.ReEx.001.001
653,ES,ME,SFH,002,ES.ME.SFH.03.Gen.ReEx.001.002
654,ES,ME,SFH,003,ES.ME.SFH.03.Gen.ReEx.001.003
655,ES,ME,SFH,001,ES.ME.SFH.04.Gen.ReEx.001.001
656,ES,ME,SFH,002,ES.ME.SFH.04.Gen.ReEx.001.002
657,ES,ME,SFH,003,ES.ME.SFH.04.Gen.ReEx.001.003
658,ES,ME,SFH,001,ES.ME.SFH.05.Gen.ReEx.001.001
659,ES,ME,SFH,002,ES.ME.SFH.05.Gen.ReEx.001.002
660,ES,ME,SFH,003,ES.ME.SFH.05.Gen.ReEx.001.003
661,ES,ME,SFH,001,ES.ME.SFH.06.Gen.ReEx.001.001
662,ES,ME,SFH,002,ES.ME.SFH.06.Gen.ReEx.001.002
663,ES,ME,SFH,003,ES.ME.SFH.06.Gen.ReEx.001.003
664,ES,ME,TH,001,ES.ME.TH.01.Gen.ReEx.001.001
665,ES,ME,TH,002,ES.ME.TH.01.Gen.ReEx.001.002
666,ES,ME,TH,003,ES.ME.TH.01.Gen.ReEx.001.003
667,ES,ME,TH,001,ES.ME.TH.02.Gen.ReEx.001.001
668,ES,ME,TH,002,ES.ME.TH.02.Gen.ReEx.001.002
669,ES,ME,TH,003,ES.ME.TH.02.Gen.ReEx.001.003
670,ES,ME,TH,001,ES.ME.TH.03.Gen.ReEx.001.001
671,ES,ME,TH,002,ES.ME.TH.03.Gen.ReEx.001.002
672,ES,ME,TH,003,ES.ME.TH.03.Gen.ReEx.001.003
673,ES,ME,TH,001,ES.ME.TH.04.Gen.ReEx.001.001
674,ES,ME,TH,002,ES.ME.TH.04.Gen.ReEx.001.002
675,ES,ME,TH,003,ES.ME.TH.04.Gen.ReEx.001.003
676,ES,ME,TH,001,ES.ME.TH.05.Gen.ReEx.001.001
677,ES,ME,TH,002,ES.ME.TH.05.Gen.ReEx.001.002
678,ES,ME,TH,003,ES.ME.TH.05.Gen.ReEx.001.003
679,ES,ME,TH,001,ES.ME.TH.06.Gen.ReEx.001.001
680,ES,ME,TH,002,ES.ME.TH.06.Gen.ReEx.001.002
681,ES,ME,TH,003,ES.ME.TH.06.Gen.ReEx.001.003
682,FR,N,AB,001,FR.N.AB.01.Gen.ReEx.001.001
683,FR,N,AB,002,FR.N.AB.01.Gen.ReEx.001.002
684,FR,N,AB,003,FR.N.AB.01.Gen.ReEx.001.003
685,FR,N,AB,001,FR.N.AB.02.Gen.ReEx.001.001
686,FR,N,AB,002,FR.N.AB.02.Gen.ReEx.001.002
687,FR,N,AB,003,FR.N.AB.02.Gen.ReEx.001.003
688,FR,N,AB,001,FR.N.AB.03.Gen.ReEx.001.001
689,FR,N,AB,002,FR.N.AB.03.Gen.ReEx.001.002
690,FR,N,AB,003,FR.N.AB.03.Gen.ReEx.001.003
691,FR,N,AB,001,FR.N.AB.04.Gen.ReEx.001.001
692,FR,N,AB,002,FR.N.AB.04.Gen.ReEx.001.002
693,FR,N,AB,003,FR.N.AB.04.Gen.ReEx.001.003
694,FR,N,AB,001,FR.N.AB.05.Gen.ReEx.001.001
695,FR,N,AB,002,FR.N.AB.05.Gen.ReEx.001.002
696,FR,N,AB,003,FR.N.AB.05.Gen.ReEx.001.003
697,FR,N,AB,001,FR.N.AB.06.Gen.ReEx.001.001
698,FR,N,AB,002,FR.N.AB.06.Gen.ReEx.001.002
699,FR,N,AB,003,FR.N.AB.06.Gen.ReEx.001.003
700,FR,N,AB,001,FR.N.AB.07.Gen.ReEx.001.001
701,FR,N,AB,002,FR.N.AB.07.Gen.ReEx.001.002
702,FR,N,AB,003,FR.N.AB.07.Gen.ReEx.001.003
703,FR,N,AB,001,FR.N.AB.08.Gen.ReEx.001.001
704,FR,N,AB,002,FR.N.AB.08.Gen.ReEx.001.002
705,FR,N,AB,003,FR.N.AB.08.Gen.ReEx.001.003
706,FR,N,AB,001,FR.N.AB.09.Gen.ReEx.001.001
707,FR,N,AB,002,FR.N.AB.09.Gen.ReEx.001.002
708,FR,N,AB,003,FR.N.AB.09.Gen.ReEx.001.003
709,FR,N,AB,001,FR.N.AB.10.Gen.ReEx.001.001
710,FR,N,AB,002,FR.N.AB.10.Gen.ReEx.001.002
711,FR,N,AB,003,FR.N.AB.10.Gen.ReEx.001.003
712,FR,N,MFH,001,FR.N.MFH.01.Gen.ReEx.001.001
713,FR,N,MFH,002,FR.N.MFH.01.Gen.ReEx.001.002
714,FR,N,MFH,003,FR.N.MFH.01.Gen.ReEx.001.003
715,FR,N,MFH,001,FR.N.MFH.02.Gen.ReEx.001.001
716,FR,N,MFH,002,FR.N.MFH.02.Gen.ReEx.001.002
717,FR,N,MFH,003,FR.N.MFH.02.Gen.ReEx.001.003
718,FR,N,MFH,001,FR.N.MFH.03.Gen.ReEx.001.001
719,FR,N,MFH,002,FR.N.MFH.03.Gen.ReEx.001.002
720,FR,N,MFH,003,FR.N.MFH.03.Gen.ReEx.001.003
721,FR,N,MFH,001,FR.N.MFH.04.Gen.ReEx.001.001
722,FR,N,MFH,002,FR.N.MFH.04.Gen.ReEx.001.002
723,FR,N,MFH,003,FR.N.MFH.04.Gen.ReEx.001.003
724,FR,N,MFH,001,FR.N.MFH.05.Gen.ReEx.001.001
725,FR,N,MFH,002,FR.N.MFH.05.Gen.ReEx.001.002
726,FR,N,MFH,003,FR.N.MFH.05.Gen.ReEx.001.003
727,FR,N,MFH,001,FR.N.MFH.06.Gen.ReEx.001.001
728,FR,N,MFH,002,FR.N.MFH.06.Gen.ReEx.001.002
729,FR,N,MFH,003,FR.N.MFH.06.Gen.ReEx.001.003
730,FR,N,MFH,001,FR.N.MFH.07.Gen.ReEx.001.001
731,FR,N,MFH,002,FR.N.MFH.07.Gen.ReEx.001.002
732,FR,N,MFH,003,FR.N.MFH.07.Gen.ReEx.001.003
733,FR,N,MFH,001,FR.N.MFH.08.Gen.ReEx.001.001
734,FR,N,MFH,002,FR.N.MFH.08.Gen.ReEx.001.002
735,FR,N,MFH,003,FR.N.MFH.08.Gen.ReEx.001.003
736,FR,N,MFH,001,FR.N.MFH.09.Gen.ReEx.001.001
737,FR,N,MFH,002,FR.N.MFH.09.Gen.ReEx.001.002
738,FR,N,MFH,003,FR.N.MFH.09.Gen.ReEx.001.003
739,FR,N,MFH,001,FR.N.MFH.10.Gen.ReEx.001.001
740,FR,N,MFH,002,FR.N.MFH.10.Gen.ReEx.001.002
741,FR,N,MFH,003,FR.N.MFH.10.Gen.ReEx.001.003
742,FR,N,SFH,001,FR.N.SFH.01.Gen.ReEx.001.001
743,FR,N,SFH,002,FR.N.SFH.01.Gen.ReEx.001.002
744,FR,N,SFH,003,FR.N.SFH.01.Gen.ReEx.001.003
745,FR,N,SFH,001,FR.N.SFH.02.Gen.ReEx.001.001
746,FR,N,SFH,002,FR.N.SFH.02.Gen.ReEx.001.002
747,FR,N,SFH,003,FR.N.SFH.02.Gen.ReEx.001.003
748,FR,N,SFH,001,FR.N.SFH.03.Gen.ReEx.001.001
749,FR,N,SFH,002,FR.N.SFH.03.Gen.ReEx.001.002
750,FR,N,SFH,003,FR.N.SFH.03.Gen.ReEx.001.003
751,FR,N,SFH,001,FR.N.SFH.04.Gen.ReEx.001.001
752,FR,N,SFH,002,FR.N.SFH.04.Gen.ReEx.001.002
753,FR,N,SFH,003,FR.N.SFH.04.Gen.ReEx.001.003
754,FR,N,SFH,001,FR.N.SFH.05.Gen.ReEx.001.001
755,FR,N,SFH,002,FR.N.SFH.05.Gen.ReEx.001.002
756,FR,N,SFH,003,FR.N.SFH.05.Gen.ReEx.001.003
757,FR,N,SFH,001,FR.N.SFH.06.Gen.ReEx.001.001
758,FR,N,SFH,002,FR.N.SFH.06.Gen.ReEx.001.002
759,FR,N,SFH,003,FR.N.SFH.06.Gen.ReEx.001.003
760,FR,N,SFH,001,FR.N.SFH.07.Gen.ReEx.001.001
761,FR,N,SFH,002,FR.N.SFH.07.Gen.ReEx.001.002
762,FR,N,SFH,003,FR.N.SFH.07.Gen.ReEx.001.003
763,FR,N,SFH,001,FR.N.SFH.08.Gen.ReEx.001.001
764,FR,N,SFH,002,FR.N.SFH.08.Gen.ReEx.001.002
765,FR,N,SFH,003,FR.N.SFH.08.Gen.ReEx.001.003
766,FR,N,SFH,001,FR.N.SFH.09.Gen.ReEx.001.001
767,FR,N,SFH,002,FR.N.SFH.09.Gen.ReEx.001.002
768,FR,N,SFH,003,FR.N.SFH.09.Gen.ReEx.001.003
769,FR,N,SFH,001,FR.N.SFH.10.Gen.ReEx.001.001
770,FR,N,SFH,002,FR.N.SFH.10.Gen.ReEx.001.002
771,FR,N,SFH,003,FR.N.SFH.10.Gen.ReEx.001.003
772,FR,N,TH,001,FR.N.TH.01.Gen.ReEx.001.001
773,FR,N,TH,002,FR.N.TH.01.Gen.ReEx.001.002
774,FR,N,TH,003,FR.N.TH.01.Gen.ReEx.001.003
775,FR,N,TH,001,FR.N.TH.02.Gen.ReEx.001.001
776,FR,N,TH,002,FR.N.TH.02.Gen.ReEx.001.002
777,FR,N,TH,003,FR.N.TH.02.Gen.ReEx.001.003
778,FR,N,TH,001,FR.N.TH.03.Gen.ReEx.001.001
779,FR,N,TH,002,FR.N.TH.03.Gen.ReEx.001.002
780,FR,N,TH,003,FR.N.TH.03.Gen.ReEx.001.003
781,FR,N,TH,001,FR.N.TH.04.Gen.ReEx.001.001
782,FR,N,TH,002,FR.N.TH.04.Gen.ReEx.001.002
783,FR,N,TH,003,FR.N.TH.04.Gen.ReEx.001.003
784,FR,N,TH,001,FR.N.TH.05.Gen.ReEx.001.001
785,FR,N,TH,002,FR.N.TH.05.Gen.ReEx.001.002
786,FR,N,TH,003,FR.N.TH.05.Gen.ReEx.001.003
787,FR,N,TH,001,FR.N.TH.06.Gen.ReEx.001.001
788,FR,N,TH,002,FR.N.TH.06.Gen.ReEx.001.002
789,FR,N,TH,003,FR.N.TH.06.Gen.ReEx.001.003
790,FR,N,TH,001,FR.N.TH.07.Gen.ReEx.001.001
791,FR,N,TH,002,FR.N.TH.07.Gen.ReEx.001.002
792,FR,N,TH,003,FR.N.TH.07.Gen.ReEx.001.003
793,FR,N,TH,001,FR.N.TH.08.Gen.ReEx.001.001
794,FR,N,TH,002,FR.N.TH.08.Gen.ReEx.001.002
795,FR,N,TH,003,FR.N.TH.08.Gen.ReEx.001.003
796,FR,N,TH,001,FR.N.TH.09.Gen.ReEx.001.001
797,FR,N,TH,002,FR.N.TH.09.Gen.ReEx.001.002
798,FR,N,TH,003,FR.N.TH.09.Gen.ReEx.001.003
799,FR,N,TH,001,FR.N.TH.10.Gen.ReEx.001.001
800,FR,N,TH,002,FR.N.TH.10.Gen.ReEx.001.002
801,FR,N,TH,003,FR.N.TH.10.Gen.ReEx.001.003
802,GB,ENG,AB,001,GB.ENG.AB.03.Gen.ReEx.001.001
803,GB,ENG,AB,002,GB.ENG.AB.03.Gen.ReEx.001.002
804,GB,ENG,AB,003,GB.ENG.AB.03.Gen.ReEx.001.003
805,GB,ENG,AB,001,GB.ENG.AB.04.Gen.ReEx.001.001
806,GB,ENG,AB,002,GB.ENG.AB.04.Gen.ReEx.001.002
807,GB,ENG,AB,003,GB.ENG.AB.04.Gen.ReEx.001.003
808,GB,ENG,AB,001,GB.ENG.AB.07.Gen.ReEx.001.001
809,GB,ENG,AB,002,GB.ENG.AB.07.Gen.ReEx.001.002
810,GB,ENG,AB,003,GB.ENG.AB.07.Gen.ReEx.001.003
811,GB,ENG,MFH,001,GB.ENG.MFH.01.Gen.ReEx.001.001
812,GB,ENG,MFH,002,GB.ENG.MFH.01.Gen.ReEx.001.002
813,GB,ENG,MFH,003,GB.ENG.MFH.01.Gen.ReEx.001.003
814,GB,ENG,MFH,001,GB.ENG.MFH.02.Gen.ReEx.001.001
815,GB,ENG,MFH,002,GB.ENG.MFH.02.Gen.ReEx.001.002
816,GB,ENG,MFH,003,GB.ENG.MFH.02.Gen.ReEx.001.003
817,GB,ENG,MFH,001,GB.ENG.MFH.03.Gen.ReEx.001.001
818,GB,ENG,MFH,002,GB.ENG.MFH.03.Gen.ReEx.001.002
819,GB,ENG,MFH,003,GB.ENG.MFH.03.Gen.ReEx.001.003
820,GB,ENG,MFH,001,GB.ENG.MFH.04.Gen.ReEx.001.001
821,GB,ENG,MFH,002,GB.ENG.MFH.04.Gen.ReEx.001.002
822,GB,ENG,MFH,003,GB.ENG.MFH.04.Gen.ReEx.001.003
823,GB,ENG,MFH,001,GB.ENG.MFH.05.Gen.ReEx.001.001
824,GB,ENG,MFH,002,GB.ENG.MFH.05.Gen.ReEx.001.002
825,GB,ENG,MFH,003,GB.ENG.MFH.05.Gen.ReEx.001.003
826,GB,ENG,MFH,001,GB.ENG.MFH.06.Gen.ReEx.001.001
827,GB,ENG,MFH,002,GB.ENG.MFH.06.Gen.ReEx.001.002
828,GB,ENG,MFH,003,GB.ENG.MFH.06.Gen.ReEx.001.003
829,GB,ENG,MFH,001,GB.ENG.MFH.07.Gen.ReEx.001.001
830,GB,ENG,MFH,002,GB.ENG.MFH.07.Gen.ReEx.001.002
831,GB,ENG,MFH,003,GB.ENG.MFH.07.Gen.ReEx.001.003
832,GB,ENG,MFH,001,GB.ENG.MFH.08.Gen.ReEx.001.001
833,GB,ENG,MFH,002,GB.ENG.MFH.08.Gen.ReEx.001.002
834,GB,ENG,MFH,003,GB.ENG.MFH.08.Gen.ReEx.001.003
835,GB,ENG,SFH,001,GB.ENG.SFH.01.Gen.ReEx.001.001
836,GB,ENG,SFH,002,GB.ENG.SFH.01.Gen.ReEx.001.002
837,GB,ENG,SFH,003,GB.ENG.SFH.01.Gen.ReEx.001.003
838,GB,ENG,SFH,001,GB.ENG.SFH.02.Gen.ReEx.001.001
839,GB,ENG,SFH,002,GB.ENG.SFH.02.Gen.ReEx.001.002
840,GB,ENG,SFH,003,GB.ENG.SFH.02.Gen.ReEx.001.003
841,GB,ENG,SFH,001,GB.ENG.SFH.03.Gen.ReEx.001.001
842,GB,ENG,SFH,002,GB.ENG.SFH.03.Gen.ReEx.001.002
843,GB,ENG,SFH,003,GB.ENG.SFH.03.Gen.ReEx.001.003
844,GB,ENG,SFH,001,GB.ENG.SFH.04.Gen.ReEx.001.001
845,GB,ENG,SFH,002,GB.ENG.SFH.04.Gen.ReEx.001.002
846,GB,ENG,SFH,003,GB.ENG.SFH.04.Gen.ReEx.001.003
847,GB,ENG,SFH,001,GB.ENG.SFH.05.Gen.ReEx.001.001
848,GB,ENG,SFH,002,GB.ENG.SFH.05.Gen.ReEx.001.002
849,GB,ENG,SFH,003,GB.ENG.SFH.05.Gen.ReEx.001.003
850,GB,ENG,SFH,001,GB.ENG.SFH.06.Gen.ReEx.001.001
851,GB,ENG,SFH,002,GB.ENG.SFH.06.Gen.ReEx.001.002
852,GB,ENG,SFH,003,GB.ENG.SFH.06.Gen.ReEx.001.003
853,GB,ENG,SFH,001,GB.ENG.SFH.07.Gen.ReEx.001.001
854,GB,ENG,SFH,002,GB.ENG.SFH.07.Gen.ReEx.001.002
855,GB,ENG,SFH,003,GB.ENG.SFH.07.Gen.ReEx.001.003
856,GB,ENG,SFH,001,GB.ENG.SFH.08.Gen.ReEx.001.001
857,GB,ENG,SFH,002,GB.ENG.SFH.08.Gen.ReEx.001.002
858,GB,ENG,SFH,003,GB.ENG.SFH.08.Gen.ReEx.001.003
859,GB,ENG,TH,001,GB.ENG.TH.01.Gen.ReEx.001.001
860,GB,ENG,TH,002,GB.ENG.TH.01.Gen.ReEx.001.002
861,GB,ENG,TH,003,GB.ENG.TH.01.Gen.ReEx.001.003
862,GB,ENG,TH,001,GB.ENG.TH.02.Gen.ReEx.001.001
863,GB,ENG,TH,002,GB.ENG.TH.02.Gen.ReEx.001.002
864,GB,ENG,TH,003,GB.ENG.TH.02.Gen.ReEx.001.003
865,GB,ENG,TH,001,GB.ENG.TH.03.Gen.ReEx.001.001
866,GB,ENG,TH,002,GB.ENG.TH.03.Gen.ReEx.001.002
867,GB,ENG,TH,003,GB.ENG.TH.03.Gen.ReEx.001.003
868,GB,ENG,TH,001,GB.ENG.TH.04.Gen.ReEx.001.001
869,GB,ENG,TH,002,GB.ENG.TH.04.Gen.ReEx.001.002
870,GB,ENG,TH,003,GB.ENG.TH.04.Gen.ReEx.001.003
871,GB,ENG,TH,001,GB.ENG.TH.05.Gen.ReEx.001.001
872,GB,ENG,TH,002,GB.ENG.TH.05.Gen.ReEx.001.002
873,GB,ENG,TH,003,GB.ENG.TH.05.Gen.ReEx.001.003
874,GB,ENG,TH,001,GB.ENG.TH.06.Gen.ReEx.001.001
875,GB,ENG,TH,002,GB.ENG.TH.06.Gen.ReEx.001.002
876,GB,ENG,TH,003,GB.ENG.TH.06.Gen.ReEx.001.003
877,GB,ENG,TH,001,GB.ENG.TH.07.Gen.ReEx.001.001
878,GB,ENG,TH,002,GB.ENG.TH.07.Gen.ReEx.001.002
879,GB,ENG,TH,003,GB.ENG.TH.07.Gen.ReEx.001.003
880,GB,ENG,TH,001,GB.ENG.TH.08.Gen.ReEx.001.001
881,GB,ENG,TH,002,GB.ENG.TH.08.Gen.ReEx.001.002
882,GB,ENG,TH,003,GB.ENG.TH.08.Gen.ReEx.001.003
883,GR,ZoneB,MFH,001,GR.ZoneB.MFH.01.Gen.ReEx.001.001
884,GR,ZoneB,MFH,002,GR.ZoneB.MFH.01.Gen.ReEx.001.002
885,GR,ZoneB,MFH,003,GR.ZoneB.MFH.01.Gen.ReEx.001.003
886,GR,ZoneB,MFH,001,GR.ZoneB.MFH.02.Gen.ReEx.001.001
887,GR,ZoneB,MFH,002,GR.ZoneB.MFH.02.Gen.ReEx.001.002
888,GR,ZoneB,MFH,003,GR.ZoneB.MFH.02.Gen.ReEx.001.003
889,GR,ZoneB,MFH,001,GR.ZoneB.MFH.03.Gen.ReEx.001.001
890,GR,ZoneB,MFH,002,GR.ZoneB.MFH.03.Gen.ReEx.001.002
891,GR,ZoneB,MFH,003,GR.ZoneB.MFH.03.Gen.ReEx.001.003
892,GR,ZoneB,MFH,001,GR.ZoneB.MFH.04.Gen.ReEx.001.001
893,GR,ZoneB,MFH,002,GR.ZoneB.MFH.04.Gen.ReEx.001.002
894,GR,ZoneB,MFH,003,GR.ZoneB.MFH.04.Gen.ReEx.001.003
895,GR,ZoneB,SFH,001,GR.ZoneB.SFH.01.Gen.ReEx.001.001
896,GR,ZoneB,SFH,002,GR.ZoneB.SFH.01.Gen.ReEx.001.002
897,GR,ZoneB,SFH,003,GR.ZoneB.SFH.01.Gen.ReEx.001.003
898,GR,ZoneB,SFH,001,GR.ZoneB.SFH.02.Gen.ReEx.001.001
899,GR,ZoneB,SFH,002,GR.ZoneB.SFH.02.Gen.ReEx.001.002
900,GR,ZoneB,SFH,003,GR.ZoneB.SFH.02.Gen.ReEx.001.003
901,GR,ZoneB,SFH,001,GR.ZoneB.SFH.03.Gen.ReEx.001.001
902,GR,ZoneB,SFH,002,GR.ZoneB.SFH.03.Gen.ReEx.001.002
903,GR,ZoneB,SFH,003,GR.ZoneB.SFH.03.Gen.ReEx.001.003
904,GR,ZoneB,SFH,001,GR.ZoneB.SFH.04.Gen.ReEx.001.001
905,GR,ZoneB,SFH,002,GR.ZoneB.SFH.04.Gen.ReEx.001.002
906,GR,ZoneB,SFH,003,GR.ZoneB.SFH.04.Gen.ReEx.001.003
907,HU,N,AB,001,HU.N.AB.05.Gen.ReEx.001.001
908,HU,N,AB,002,HU.N.AB.05.Gen.ReEx.001.002
909,HU,N,AB,003,HU.N.AB.05.Gen.ReEx.001.003
910,HU,N,MFH,001,HU.N.MFH.01.Gen.ReEx.001.001
911,HU,N,MFH,002,HU.N.MFH.01.Gen.ReEx.001.002
912,HU,N,MFH,003,HU.N.MFH.01.Gen.ReEx.001.003
913,HU,N,MFH,001,HU.N.MFH.02.Gen.ReEx.001.001
914,HU,N,MFH,002,HU.N.MFH.02.Gen.ReEx.001.002
915,HU,N,MFH,003,HU.N.MFH.02.Gen.ReEx.001.003
916,HU,N,MFH,001,HU.N.MFH.03.Gen.ReEx.001.001
917,HU,N,MFH,002,HU.N.MFH.03.Gen.ReEx.001.002
918,HU,N,MFH,003,HU.N.MFH.03.Gen.ReEx.001.003
919,HU,N,MFH,001,HU.N.MFH.04.Gen.ReEx.001.001
920,HU,N,MFH,002,HU.N.MFH.04.Gen.ReEx.001.002
921,HU,N,MFH,003,HU.N.MFH.04.Gen.ReEx.001.003
922,HU,N,MFH,001,HU.N.MFH.05.Gen.ReEx.001.001
923,HU,N,MFH,002,HU.N.MFH.05.Gen.ReEx.001.002
924,HU,N,MFH,003,HU.N.MFH.05.Gen.ReEx.001.003
925,HU,N,SFH,001,HU.N.SFH.01.Gen.ReEx.001.001
926,HU,N,SFH,002,HU.N.SFH.01.Gen.ReEx.001.002
927,HU,N,SFH,003,HU.N.SFH.01.Gen.ReEx.001.003
928,HU,N,SFH,001,HU.N.SFH.02.Gen.ReEx.001.001
929,HU,N,SFH,002,HU.N.SFH.02.Gen.ReEx.001.002
930,HU,N,SFH,003,HU.N.SFH.02.Gen.ReEx.001.003
931,HU,N,SFH,001,HU.N.SFH.03.Gen.ReEx.001.001
932,HU,N,SFH,002,HU.N.SFH.03.Gen.ReEx.001.002
933,HU,N,SFH,003,HU.N.SFH.03.Gen.ReEx.001.003
934,HU,N,SFH,001,HU.N.SFH.04.Gen.ReEx.001.001
935,HU,N,SFH,002,HU.N.SFH.04.Gen.ReEx.001.002
936,HU,N,SFH,003,HU.N.SFH.04.Gen.ReEx.001.003
937,HU,N,SFH,001,HU.N.SFH.05.Gen.ReEx.001.001
938,HU,N,SFH,002,HU.N.SFH.05.Gen.ReEx.001.002
939,HU,N,SFH,003,HU.N.SFH.05.Gen.ReEx.001.003
940,IE,N,AB,001,IE.N.AB.04.Gen.ReEx.001.001
941,IE,N,AB,002,IE.N.AB.04.Gen.ReEx.001.002
942,IE,N,AB,003,IE.N.AB.04.Gen.ReEx.001.003
943,IE,N,AB,001,IE.N.AB.06.Gen.ReEx.001.001
944,IE,N,AB,002,IE.N.AB.06.Gen.ReEx.001.002
945,IE,N,AB,003,IE.N.AB.06.Gen.ReEx.001.003
946,IE,N,AB,001,IE.N.AB.07.Gen.ReEx.001.001
947,IE,N,AB,002,IE.N.AB.07.Gen.ReEx.001.002
948,IE,N,AB,003,IE.N.AB.07.Gen.ReEx.001.003
949,IE,N,AB,001,IE.N.AB.08.Gen.ReEx.001.001
950,IE,N,AB,002,IE.N.AB.08.Gen.ReEx.001.002
951,IE,N,AB,003,IE.N.AB.08.Gen.ReEx.001.003
952,IE,N,AB,001,IE.N.AB.09.Gen.ReEx.001.001
953,IE,N,AB,002,IE.N.AB.09.Gen.ReEx.001.002
954,IE,N,AB,003,IE.N.AB.09.Gen.ReEx.001.003
955,IE,N,AB,001,IE.N.AB.10.Gen.ReEx.001.001
956,IE,N,AB,003,IE.N.AB.10.Gen.ReEx.001.003
957,IE,N,SFH,001,IE.N.SFH.01.325SB.ReEx.001.001
958,IE,N,SFH,002,IE.N.SFH.01.325SB.ReEx.001.002
959,IE,N,SFH,003,IE.N.SFH.01.325SB.ReEx.001.003
960,IE,N,SFH,001,IE.N.SFH.01.Gen.ReEx.001.001
961,IE,N,SFH,002,IE.N.SFH.01.Gen.ReEx.001.002
962,IE,N,SFH,003,IE.N.SFH.01.Gen.ReEx.001.003
963,IE,N,SFH,001,IE.N.SFH.02.Gen.ReEx.001.001
964,IE,N,SFH,002,IE.N.SFH.02.Gen.ReEx.001.002
965,IE,N,SFH,003,IE.N.SFH.02.Gen.ReEx.001.003
966,IE,N,SFH,001,IE.N.SFH.03.Gen.ReEx.001.001
967,IE,N,SFH,002,IE.N.SFH.03.Gen.ReEx.001.002
968,IE,N,SFH,003,IE.N.SFH.03.Gen.ReEx.001.003
969,IE,N,SFH,001,IE.N.SFH.04.Gen.ReEx.001.001
970,IE,N,SFH,002,IE.N.SFH.04.Gen.ReEx.001.002
971,IE,N,SFH,003,IE.N.SFH.04.Gen.ReEx.001.003
972,IE,N,SFH,001,IE.N.SFH.05.Gen.ReEx.001.001
973,IE,N,SFH,002,IE.N.SFH.05.Gen.ReEx.001.002
974,IE,N,SFH,003,IE.N.SFH.05.Gen.ReEx.001.003
975,IE,N,SFH,001,IE.N.SFH.06.Gen.ReEx.001.001
976,IE,N,SFH,002,IE.N.SFH.06.Gen.ReEx.001.002
977,IE,N,SFH,003,IE.N.SFH.06.Gen.ReEx.001.003
978,IE,N,SFH,001,IE.N.SFH.06.HBlock.ReEx.001.001
979,IE,N,SFH,002,IE.N.SFH.06.HBlock.ReEx.001.002
980,IE,N,SFH,003,IE.N.SFH.06.HBlock.ReEx.001.003
981,IE,N,SFH,001,IE.N.SFH.07.Gen.ReEx.001.001
982,IE,N,SFH,002,IE.N.SFH.07.Gen.ReEx.001.002
983,IE,N,SFH,003,IE.N.SFH.07.Gen.ReEx.001.003
984,IE,N,SFH,001,IE.N.SFH.07.HBlock.ReEx.001.001
985,IE,N,SFH,002,IE.N.SFH.07.HBlock.ReEx.001.002
986,IE,N,SFH,003,IE.N.SFH.07.HBlock.ReEx.001.003
987,IE,N,SFH,001,IE.N.SFH.08.Gen.ReEx.001.001
988,IE,N,SFH,002,IE.N.SFH.08.Gen.ReEx.001.002
989,IE,N,SFH,003,IE.N.SFH.08.Gen.ReEx.001.003
990,IE,N,SFH,001,IE.N.SFH.08.Tframe.ReEx.001.001
991,IE,N,SFH,002,IE.N.SFH.08.Tframe.ReEx.001.002
992,IE,N,SFH,003,IE.N.SFH.08.Tframe.ReEx.001.003
993,IE,N,SFH,001,IE.N.SFH.09.Gen.ReEx.001.001
994,IE,N,SFH,002,IE.N.SFH.09.Gen.ReEx.001.002
995,IE,N,SFH,003,IE.N.SFH.09.Gen.ReEx.001.003
996,IE,N,SFH,001,IE.N.SFH.09.Tframe.ReEx.001.001
997,IE,N,SFH,002,IE.N.SFH.09.Tframe.ReEx.001.002
998,IE,N,SFH,003,IE.N.SFH.09.Tframe.ReEx.001.003
999,IE,N,SFH,001,IE.N.SFH.10.Gen.ReEx.001.001
1000,IE,N,SFH,003,IE.N.SFH.10.Gen.ReEx.001.003
1001,IE,N,TH,001,IE.N.TH.01.Gen.ReEx.001.001
1002,IE,N,TH,002,IE.N.TH.01.Gen.ReEx.001.002
1003,IE,N,TH,003,IE.N.TH.01.Gen.ReEx.001.003
1004,IE,N,TH,001,IE.N.TH.02.325SB.ReEx.001.001
1005,IE,N,TH,002,IE.N.TH.02.325SB.ReEx.001.002
1006,IE,N,TH,003,IE.N.TH.02.325SB.ReEx.001.003
1007,IE,N,TH,001,IE.N.TH.02.Gen.ReEx.001.001
1008,IE,N,TH,002,IE.N.TH.02.Gen.ReEx.001.002
1009,IE,N,TH,003,IE.N.TH.02.Gen.ReEx.001.003
1010,IE,N,TH,001,IE.N.TH.03.Gen.ReEx.001.001
1011,IE,N,TH,002,IE.N.TH.03.Gen.ReEx.001.002
1012,IE,N,TH,003,IE.N.TH.03.Gen.ReEx.001.003
1013,IE,N,TH,001,IE.N.TH.04.Gen.ReEx.001.001
1014,IE,N,TH,002,IE.N.TH.04.Gen.ReEx.001.002
1015,IE,N,TH,003,IE.N.TH.04.Gen.ReEx.001.003
1016,IE,N,TH,001,IE.N.TH.04.HBlockHBF.ReEx.001.001
1017,IE,N,TH,002,IE.N.TH.04.HBlockHBF.ReEx.001.002
1018,IE,N,TH,003,IE.N.TH.04.HBlockHBF.ReEx.001.003
1019,IE,N,TH,001,IE.N.TH.05.Gen.ReEx.001.001
1020,IE,N,TH,002,IE.N.TH.05.Gen.ReEx.001.002
1021,IE,N,TH,003,IE.N.TH.05.Gen.ReEx.001.003
1022,IE,N,TH,001,IE.N.TH.06.Gen.ReEx.001.001
1023,IE,N,TH,002,IE.N.TH.06.Gen.ReEx.001.002
1024,IE,N,TH,003,IE.N.TH.06.Gen.ReEx.001.003
1025,IE,N,TH,001,IE.N.TH.06.HBlock.ReEx.001.001
1026,IE,N,TH,002,IE.N.TH.06.HBlock.ReEx.001.002
1027,IE,N,TH,003,IE.N.TH.06.HBlock.ReEx.001.003
1028,IE,N,TH,001,IE.N.TH.07.Gen.ReEx.001.001
1029,IE,N,TH,002,IE.N.TH.07.Gen.ReEx.001.002
1030,IE,N,TH,003,IE.N.TH.07.Gen.ReEx.001.003
1031,IE,N,TH,001,IE.N.TH.07.HBlock.ReEx.001.001
1032,IE,N,TH,002,IE.N.TH.07.HBlock.ReEx.001.002
1033,IE,N,TH,003,IE.N.TH.07.HBlock.ReEx.001.003
1034,IE,N,TH,001,IE.N.TH.08.Gen.ReEx.001.001
1035,IE,N,TH,002,IE.N.TH.08.Gen.ReEx.001.002
1036,IE,N,TH,003,IE.N.TH.08.Gen.ReEx.001.003
1037,IE,N,TH,001,IE.N.TH.08.Tframe.ReEx.001.001
1038,IE,N,TH,002,IE.N.TH.08.Tframe.ReEx.001.002
1039,IE,N,TH,003,IE.N.TH.08.Tframe.ReEx.001.003
1040,IE,N,TH,001,IE.N.TH.09.Gen.ReEx.001.001
1041,IE,N,TH,002,IE.N.TH.09.Gen.ReEx.001.002
1042,IE,N,TH,003,IE.N.TH.09.Gen.ReEx.001.003
1043,IE,N,TH,001,IE.N.TH.09.Tframe.ReEx.001.001
1044,IE,N,TH,002,IE.N.TH.09.Tframe.ReEx.001.002
1045,IE,N,TH,003,IE.N.TH.09.Tframe.ReEx.001.003
1046,IT,MidClim,AB,001,IT.MidClim.AB.01.Gen.ReEx.001.001
1047,IT,MidClim,AB,002,IT.MidClim.AB.01.Gen.ReEx.001.002
1048,IT,MidClim,AB,003,IT.MidClim.AB.01.Gen.ReEx.001.003
1049,IT,MidClim,AB,001,IT.MidClim.AB.02.Gen.ReEx.001.001
1050,IT,MidClim,AB,002,IT.MidClim.AB.02.Gen.ReEx.001.002
1051,IT,MidClim,AB,003,IT.MidClim.AB.02.Gen.ReEx.001.003
1052,IT,MidClim,AB,001,IT.MidClim.AB.03.Gen.ReEx.001.001
1053,IT,MidClim,AB,002,IT.MidClim.AB.03.Gen.ReEx.001.002
1054,IT,MidClim,AB,003,IT.MidClim.AB.03.Gen.ReEx.001.003
1055,IT,MidClim,AB,001,IT.MidClim.AB.04.Gen.ReEx.001.001
1056,IT,MidClim,AB,002,IT.MidClim.AB.04.Gen.ReEx.001.002
1057,IT,MidClim,AB,003,IT.MidClim.AB.04.Gen.ReEx.001.003
1058,IT,MidClim,AB,001,IT.MidClim.AB.05.Gen.ReEx.001.001
1059,IT,MidClim,AB,002,IT.MidClim.AB.05.Gen.ReEx.001.002
1060,IT,MidClim,AB,003,IT.MidClim.AB.05.Gen.ReEx.001.003
1061,IT,MidClim,AB,001,IT.MidClim.AB.06.Gen.ReEx.001.001
1062,IT,MidClim,AB,002,IT.MidClim.AB.06.Gen.ReEx.001.002
1063,IT,MidClim,AB,003,IT.MidClim.AB.06.Gen.ReEx.001.003
1064,IT,MidClim,AB,001,IT.MidClim.AB.07.Gen.ReEx.001.001
1065,IT,MidClim,AB,002,IT.MidClim.AB.07.Gen.ReEx.001.002
1066,IT,MidClim,AB,003,IT.MidClim.AB.07.Gen.ReEx.001.003
1067,IT,MidClim,AB,001,IT.MidClim.AB.08.Gen.ReEx.001.001
1068,IT,MidClim,AB,002,IT.MidClim.AB.08.Gen.ReEx.001.002
1069,IT,MidClim,AB,003,IT.MidClim.AB.08.Gen.ReEx.001.003
1070,IT,MidClim,MFH,001,IT.MidClim.MFH.01.Gen.ReEx.001.001
1071,IT,MidClim,MFH,002,IT.MidClim.MFH.01.Gen.ReEx.001.002
1072,IT,MidClim,MFH,003,IT.MidClim.MFH.01.Gen.ReEx.001.003
1073,IT,MidClim,MFH,001,IT.MidClim.MFH.02.Gen.ReEx.001.001
1074,IT,MidClim,MFH,002,IT.MidClim.MFH.02.Gen.ReEx.001.002
1075,IT,MidClim,MFH,003,IT.MidClim.MFH.02.Gen.ReEx.001.003
1076,IT,MidClim,MFH,001,IT.MidClim.MFH.03.Gen.ReEx.001.001
1077,IT,MidClim,MFH,002,IT.MidClim.MFH.03.Gen.ReEx.001.002
1078,IT,MidClim,MFH,003,IT.MidClim.MFH.03.Gen.ReEx.001.003
1079,IT,MidClim,MFH,001,IT.MidClim.MFH.04.Gen.ReEx.001.001
1080,IT,MidClim,MFH,002,IT.MidClim.MFH.04.Gen.ReEx.001.002
1081,IT,MidClim,MFH,003,IT.MidClim.MFH.04.Gen.ReEx.001.003
1082,IT,MidClim,MFH,001,IT.MidClim.MFH.05.Gen.ReEx.001.001
1083,IT,MidClim,MFH,002,IT.MidClim.MFH.05.Gen.ReEx.001.002
1084,IT,MidClim,MFH,003,IT.MidClim.MFH.05.Gen.ReEx.001.003
1085,IT,MidClim,MFH,001,IT.MidClim.MFH.06.Gen.ReEx.001.001
1086,IT,MidClim,MFH,002,IT.MidClim.MFH.06.Gen.ReEx.001.002
1087,IT,MidClim,MFH,003,IT.MidClim.MFH.06.Gen.ReEx.001.003
1088,IT,MidClim,MFH,001,IT.MidClim.MFH.07.Gen.ReEx.001.001
1089,IT,MidClim,MFH,002,IT.MidClim.MFH.07.Gen.ReEx.001.002
1090,IT,MidClim,MFH,003,IT.MidClim.MFH.07.Gen.ReEx.001.003
1091,IT,MidClim,MFH,001,IT.MidClim.MFH.08.Gen.ReEx.001.001
1092,IT,MidClim,MFH,002,IT.MidClim.MFH.08.Gen.ReEx.001.002
1093,IT,MidClim,MFH,003,IT.MidClim.MFH.08.Gen.ReEx.001.003
1094,IT,MidClim,SFH,001,IT.MidClim.SFH.01.Gen.ReEx.001.001
1095,IT,MidClim,SFH,002,IT.MidClim.SFH.01.Gen.ReEx.001.002
1096,IT,MidClim,SFH,003,IT.MidClim.SFH.01.Gen.ReEx.001.003
1097,IT,MidClim,SFH,001,IT.MidClim.SFH.02.Gen.ReEx.001.001
1098,IT,MidClim,SFH,002,IT.MidClim.SFH.02.Gen.ReEx.001.002
1099,IT,MidClim,SFH,003,IT.MidClim.SFH.02.Gen.ReEx.001.003
1100,IT,MidClim,SFH,001,IT.MidClim.SFH.03.Gen.ReEx.001.001
1101,IT,MidClim,SFH,002,IT.MidClim.SFH.03.Gen.ReEx.001.002
1102,IT,MidClim,SFH,003,IT.MidClim.SFH.03.Gen.ReEx.001.003
1103,IT,MidClim,SFH,001,IT.MidClim.SFH.04.Gen.ReEx.001.001
1104,IT,MidClim,SFH,002,IT.MidClim.SFH.04.Gen.ReEx.001.002
1105,IT,MidClim,SFH,003,IT.MidClim.SFH.04.Gen.ReEx.001.003
1106,IT,MidClim,SFH,001,IT.MidClim.SFH.05.Gen.ReEx.001.001
1107,IT,MidClim,SFH,002,IT.MidClim.SFH.05.Gen.ReEx.001.002
1108,IT,MidClim,SFH,003,IT.MidClim.SFH.05.Gen.ReEx.001.003
1109,IT,MidClim,SFH,001,IT.MidClim.SFH.06.Gen.ReEx.001.001
1110,IT,MidClim,SFH,002,IT.MidClim.SFH.06.Gen.ReEx.001.002
1111,IT,MidClim,SFH,003,IT.MidClim.SFH.06.Gen.ReEx.001.003
1112,IT,MidClim,SFH,001,IT.MidClim.SFH.07.Gen.ReEx.001.001
1113,IT,MidClim,SFH,002,IT.MidClim.SFH.07.Gen.ReEx.001.002
1114,IT,MidClim,SFH,003,IT.MidClim.SFH.07.Gen.ReEx.001.003
1115,IT,MidClim,SFH,001,IT.MidClim.SFH.08.Gen.ReEx.001.001
1116,IT,MidClim,SFH,002,IT.MidClim.SFH.08.Gen.ReEx.001.002
1117,IT,MidClim,SFH,003,IT.MidClim.SFH.08.Gen.ReEx.001.003
1118,IT,MidClim,TH,001,IT.MidClim.TH.01.Gen.ReEx.001.001
1119,IT,MidClim,TH,002,IT.MidClim.TH.01.Gen.ReEx.001.002
1120,IT,MidClim,TH,003,IT.MidClim.TH.01.Gen.ReEx.001.003
1121,IT,MidClim,TH,001,IT.MidClim.TH.02.Gen.ReEx.001.001
1122,IT,MidClim,TH,002,IT.MidClim.TH.02.Gen.ReEx.001.002
1123,IT,MidClim,TH,003,IT.MidClim.TH.02.Gen.ReEx.001.003
1124,IT,MidClim,TH,001,IT.MidClim.TH.03.Gen.ReEx.001.001
1125,IT,MidClim,TH,002,IT.MidClim.TH.03.Gen.ReEx.001.002
1126,IT,MidClim,TH,003,IT.MidClim.TH.03.Gen.ReEx.001.003
1127,IT,MidClim,TH,001,IT.MidClim.TH.04.Gen.ReEx.001.001
1128,IT,MidClim,TH,002,IT.MidClim.TH.04.Gen.ReEx.001.002
1129,IT,MidClim,TH,003,IT.MidClim.TH.04.Gen.ReEx.001.003
1130,IT,MidClim,TH,001,IT.MidClim.TH.05.Gen.ReEx.001.001
1131,IT,MidClim,TH,002,IT.MidClim.TH.05.Gen.ReEx.001.002
1132,IT,MidClim,TH,003,IT.MidClim.TH.05.Gen.ReEx.001.003
1133,IT,MidClim,TH,001,IT.MidClim.TH.06.Gen.ReEx.001.001
1134,IT,MidClim,TH,002,IT.MidClim.TH.06.Gen.ReEx.001.002
1135,IT,MidClim,TH,003,IT.MidClim.TH.06.Gen.ReEx.001.003
1136,IT,MidClim,TH,001,IT.MidClim.TH.07.Gen.ReEx.001.001
1137,IT,MidClim,TH,002,IT.MidClim.TH.07.Gen.ReEx.001.002
1138,IT,MidClim,TH,003,IT.MidClim.TH.07.Gen.ReEx.001.003
1139,IT,MidClim,TH,001,IT.MidClim.TH.08.Gen.ReEx.001.001
1140,IT,MidClim,TH,002,IT.MidClim.TH.08.Gen.ReEx.001.002
1141,IT,MidClim,TH,003,IT.MidClim.TH.08.Gen.ReEx.001.003
1142,NL,N,AB,001,NL.N.AB.01.Gal.ReEx.001.001
1143,NL,N,AB,002,NL.N.AB.01.Gal.ReEx.001.002
1144,NL,N,AB,003,NL.N.AB.01.Gal.ReEx.001.003
1145,NL,N,AB,001,NL.N.AB.01.Gen.ReEx.001.001
1146,NL,N,AB,002,NL.N.AB.01.Gen.ReEx.001.002
1147,NL,N,AB,003,NL.N.AB.01.Gen.ReEx.001.003
1148,NL,N,AB,001,NL.N.AB.01.Mai.ReEx.001.001
1149,NL,N,AB,002,NL.N.AB.01.Mai.ReEx.001.002
1150,NL,N,AB,003,NL.N.AB.01.Mai.ReEx.001.003
1151,NL,N,AB,001,NL.N.AB.01.Por1945.ReEx.001.001
1152,NL,N,AB,002,NL.N.AB.01.Por1945.ReEx.001.002
1153,NL,N,AB,003,NL.N.AB.01.Por1945.ReEx.001.003
1154,NL,N,AB,001,NL.N.AB.02.Gen.ReEx.001.001
1155,NL,N,AB,002,NL.N.AB.02.Gen.ReEx.001.002
1156,NL,N,AB,003,NL.N.AB.02.Gen.ReEx.001.003
1157,NL,N,AB,001,NL.N.AB.02.Mai.ReEx.001.001
1158,NL,N,AB,002,NL.N.AB.02.Mai.ReEx.001.002
1159,NL,N,AB,003,NL.N.AB.02.Mai.ReEx.001.003
1160,NL,N,AB,001,NL.N.AB.02.Por.ReEx.001.001
1161,NL,N,AB,002,NL.N.AB.02.Por.ReEx.001.002
1162,NL,N,AB,003,NL.N.AB.02.Por.ReEx.001.003
1163,NL,N,AB,001,NL.N.AB.03.Gal.ReEx.001.001
1164,NL,N,AB,002,NL.N.AB.03.Gal.ReEx.001.002
1165,NL,N,AB,003,NL.N.AB.03.Gal.ReEx.001.003
1166,NL,N,AB,001,NL.N.AB.03.Gen.ReEx.001.001
1167,NL,N,AB,002,NL.N.AB.03.Gen.ReEx.001.002
1168,NL,N,AB,003,NL.N.AB.03.Gen.ReEx.001.003
1169,NL,N,AB,001,NL.N.AB.03.Mai.ReEx.001.001
1170,NL,N,AB,002,NL.N.AB.03.Mai.ReEx.001.002
1171,NL,N,AB,003,NL.N.AB.03.Mai.ReEx.001.003
1172,NL,N,AB,001,NL.N.AB.04.Gen.ReEx.001.001
1173,NL,N,AB,002,NL.N.AB.04.Gen.ReEx.001.002
1174,NL,N,AB,003,NL.N.AB.04.Gen.ReEx.001.003
1175,NL,N,AB,001,NL.N.AB.04.Mai.ReEx.001.001
1176,NL,N,AB,002,NL.N.AB.04.Mai.ReEx.001.002
1177,NL,N,AB,003,NL.N.AB.04.Mai.ReEx.001.003
1178,NL,N,AB,001,NL.N.AB.04.Por.ReEx.001.001
1179,NL,N,AB,002,NL.N.AB.04.Por.ReEx.001.002
1180,NL,N,AB,003,NL.N.AB.04.Por.ReEx.001.003
1181,NL,N,AB,001,NL.N.AB.05.Gen.ReEx.001.001
1182,NL,N,AB,002,NL.N.AB.05.Gen.ReEx.001.002
1183,NL,N,AB,003,NL.N.AB.05.Gen.ReEx.001.003
1184,NL,N,AB,001,NL.N.AB.06.Gen.ReEx.001.001
1185,NL,N,AB,003,NL.N.AB.06.Gen.ReEx.001.003
1186,NL,N,MFH,001,NL.N.MFH.01.Gen.ReEx.001.001
1187,NL,N,MFH,002,NL.N.MFH.01.Gen.ReEx.001.002
1188,NL,N,MFH,003,NL.N.MFH.01.Gen.ReEx.001.003
1189,NL,N,MFH,001,NL.N.MFH.02.Gen.ReEx.001.001
1190,NL,N,MFH,002,NL.N.MFH.02.Gen.ReEx.001.002
1191,NL,N,MFH,003,NL.N.MFH.02.Gen.ReEx.001.003
1192,NL,N,MFH,001,NL.N.MFH.03.Gen.ReEx.001.001
1193,NL,N,MFH,002,NL.N.MFH.03.Gen.ReEx.001.002
1194,NL,N,MFH,003,NL.N.MFH.03.Gen.ReEx.001.003
1195,NL,N,MFH,001,NL.N.MFH.04.Gen.ReEx.001.001
1196,NL,N,MFH,002,NL.N.MFH.04.Gen.ReEx.001.002
1197,NL,N,MFH,003,NL.N.MFH.04.Gen.ReEx.001.003
1198,NL,N,MFH,001,NL.N.MFH.05.Gen.ReEx.001.001
1199,NL,N,MFH,002,NL.N.MFH.05.Gen.ReEx.001.002
1200,NL,N,MFH,003,NL.N.MFH.05.Gen.ReEx.001.003
1201,NL,N,MFH,001,NL.N.MFH.06.Gen.ReEx.001.001
1202,NL,N,MFH,003,NL.N.MFH.06.Gen.ReEx.001.003
1203,NL,N,SFH,001,NL.N.SFH.01.Gen.ReEx.001.001
1204,NL,N,SFH,002,NL.N.SFH.01.Gen.ReEx.001.002
1205,NL,N,SFH,003,NL.N.SFH.01.Gen.ReEx.001.003
1206,NL,N,SFH,001,NL.N.SFH.01.Semi.ReEx.001.001
1207,NL,N,SFH,002,NL.N.SFH.01.Semi.ReEx.001.002
1208,NL,N,SFH,003,NL.N.SFH.01.Semi.ReEx.001.003
1209,NL,N,SFH,001,NL.N.SFH.02.Deta.ReEx.001.001
1210,NL,N,SFH,002,NL.N.SFH.02.Deta.ReEx.001.002
1211,NL,N,SFH,003,NL.N.SFH.02.Deta.ReEx.001.003
1212,NL,N,SFH,001,NL.N.SFH.02.Gen.ReEx.001.001
1213,NL,N,SFH,002,NL.N.SFH.02.Gen.ReEx.001.002
1214,NL,N,SFH,003,NL.N.SFH.02.Gen.ReEx.001.003
1215,NL,N,SFH,001,NL.N.SFH.03.Deta.ReEx.001.001
1216,NL,N,SFH,002,NL.N.SFH.03.Deta.ReEx.001.002
1217,NL,N,SFH,003,NL.N.SFH.03.Deta.ReEx.001.003
1218,NL,N,SFH,001,NL.N.SFH.03.Gen.ReEx.001.001
1219,NL,N,SFH,002,NL.N.SFH.03.Gen.ReEx.001.002
1220,NL,N,SFH,003,NL.N.SFH.03.Gen.ReEx.001.003
1221,NL,N,SFH,001,NL.N.SFH.04.Gen.ReEx.001.001
1222,NL,N,SFH,002,NL.N.SFH.04.Gen.ReEx.001.002
1223,NL,N,SFH,003,NL.N.SFH.04.Gen.ReEx.001.003
1224,NL,N,SFH,001,NL.N.SFH.04.Semi.ReEx.001.001
1225,NL,N,SFH,002,NL.N.SFH.04.Semi.ReEx.001.002
1226,NL,N,SFH,003,NL.N.SFH.04.Semi.ReEx.001.003
1227,NL,N,SFH,001,NL.N.SFH.05.Gen.ReEx.001.001
1228,NL,N,SFH,002,NL.N.SFH.05.Gen.ReEx.001.002
1229,NL,N,SFH,003,NL.N.SFH.05.Gen.ReEx.001.003
1230,NL,N,SFH,001,NL.N.SFH.05.Semi.ReEx.001.001
1231,NL,N,SFH,002,NL.N.SFH.05.Semi.ReEx.001.002
1232,NL,N,SFH,003,NL.N.SFH.05.Semi.ReEx.001.003
1233,NL,N,SFH,001,NL.N.SFH.06.Gen.ReEx.001.001
1234,NL,N,SFH,003,NL.N.SFH.06.Gen.ReEx.001.003
1235,NL,N,SFH,001,NL.N.SFH.06.Semi.ReEx.001.001
1236,NL,N,SFH,003,NL.N.SFH.06.Semi.ReEx.001.003
1237,NL,N,TH,001,NL.N.TH.01.End1945.ReEx.001.001
1238,NL,N,TH,002,NL.N.TH.01.End1945.ReEx.001.002
1239,NL,N,TH,003,NL.N.TH.01.End1945.ReEx.001.003
1240,NL,N,TH,001,NL.N.TH.01.End1964.ReEx.001.001
1241,NL,N,TH,002,NL.N.TH.01.End1964.ReEx.001.002
1242,NL,N,TH,003,NL.N.TH.01.End1964.ReEx.001.003
1243,NL,N,TH,001,NL.N.TH.01.Gen.ReEx.001.001
1244,NL,N,TH,002,NL.N.TH.01.Gen.ReEx.001.002
1245,NL,N,TH,003,NL.N.TH.01.Gen.ReEx.001.003
1246,NL,N,TH,001,NL.N.TH.01.Mid1964.ReEx.001.001
1247,NL,N,TH,002,NL.N.TH.01.Mid1964.ReEx.001.002
1248,NL,N,TH,003,NL.N.TH.01.Mid1964.ReEx.001.003
1249,NL,N,TH,001,NL.N.TH.02.End.ReEx.001.001
1250,NL,N,TH,002,NL.N.TH.02.End.ReEx.001.002
1251,NL,N,TH,003,NL.N.TH.02.End.ReEx.001.003
1252,NL,N,TH,001,NL.N.TH.02.Gen.ReEx.001.001
1253,NL,N,TH,002,NL.N.TH.02.Gen.ReEx.001.002
1254,NL,N,TH,003,NL.N.TH.02.Gen.ReEx.001.003
1255,NL,N,TH,001,NL.N.TH.03.End.ReEx.001.001
1256,NL,N,TH,002,NL.N.TH.03.End.ReEx.001.002
1257,NL,N,TH,003,NL.N.TH.03.End.ReEx.001.003
1258,NL,N,TH,001,NL.N.TH.03.Gen.ReEx.001.001
1259,NL,N,TH,002,NL.N.TH.03.Gen.ReEx.001.002
1260,NL,N,TH,003,NL.N.TH.03.Gen.ReEx.001.003
1261,NL,N,TH,001,NL.N.TH.04.End.ReEx.001.001
1262,NL,N,TH,002,NL.N.TH.04.End.ReEx.001.002
1263,NL,N,TH,003,NL.N.TH.04.End.ReEx.001.003
1264,NL,N,TH,001,NL.N.TH.04.Gen.ReEx.001.001
1265,NL,N,TH,002,NL.N.TH.04.Gen.ReEx.001.002
1266,NL,N,TH,003,NL.N.TH.04.Gen.ReEx.001.003
1267,NL,N,TH,001,NL.N.TH.05.End.ReEx.001.001
1268,NL,N,TH,002,NL.N.TH.05.End.ReEx.001.002
1269,NL,N,TH,003,NL.N.TH.05.End.ReEx.001.003
1270,NL,N,TH,001,NL.N.TH.05.Gen.ReEx.001.001
1271,NL,N,TH,002,NL.N.TH.05.Gen.ReEx.001.002
1272,NL,N,TH,003,NL.N.TH.05.Gen.ReEx.001.003
1273,NL,N,TH,001,NL.N.TH.06.End.ReEx.001.001
1274,NL,N,TH,003,NL.N.TH.06.End.ReEx.001.003
1275,NL,N,TH,001,NL.N.TH.06.Gen.ReEx.001.001
1276,NL,N,TH,003,NL.N.TH.06.Gen.ReEx.001.003
1277,NO,N,AB,001,NO.N.AB.01.Gen.ReEx.001.001
1278,NO,N,AB,002,NO.N.AB.01.Gen.ReEx.001.002
1279,NO,N,AB,003,NO.N.AB.01.Gen.ReEx.001.003
1280,NO,N,AB,001,NO.N.AB.02.Gen.ReEx.001.001
1281,NO,N,AB,002,NO.N.AB.02.Gen.ReEx.001.002
1282,NO,N,AB,003,NO.N.AB.02.Gen.ReEx.001.003
1283,NO,N,AB,001,NO.N.AB.02.Gen.ReEx.002.001
1284,NO,N,AB,002,NO.N.AB.02.Gen.ReEx.002.002
1285,NO,N,AB,003,NO.N.AB.02.Gen.ReEx.002.003
1286,NO,N,AB,001,NO.N.AB.03.Gen.ReEx.001.001
1287,NO,N,AB,002,NO.N.AB.03.Gen.ReEx.001.002
1288,NO,N,AB,003,NO.N.AB.03.Gen.ReEx.001.003
1289,NO,N,AB,001,NO.N.AB.04.Gen.ReEx.001.001
1290,NO,N,AB,002,NO.N.AB.04.Gen.ReEx.001.002
1291,NO,N,AB,003,NO.N.AB.04.Gen.ReEx.001.003
1292,NO,N,AB,001,NO.N.AB.05.Gen.ReEx.001.001
1293,NO,N,AB,002,NO.N.AB.05.Gen.ReEx.001.002
1294,NO,N,AB,003,NO.N.AB.05.Gen.ReEx.001.003
1295,NO,N,AB,001,NO.N.AB.06.Gen.ReEx.001.001
1296,NO,N,AB,002,NO.N.AB.06.Gen.ReEx.001.002
1297,NO,N,AB,003,NO.N.AB.06.Gen.ReEx.001.003
1298,NO,N,AB,001,NO.N.AB.07.Gen.ReEx.001.001
1299,NO,N,AB,002,NO.N.AB.07.Gen.ReEx.001.002
1300,NO,N,AB,003,NO.N.AB.07.Gen.ReEx.001.003
1301,NO,N,SFH,001,NO.N.SFH.01.Gen.ReEx.001.001
1302,NO,N,SFH,002,NO.N.SFH.01.Gen.ReEx.001.002
1303,NO,N,SFH,003,NO.N.SFH.01.Gen.ReEx.001.003
1304,NO,N,SFH,001,NO.N.SFH.02.Gen.ReEx.001.001
1305,NO,N,SFH,002,NO.N.SFH.02.Gen.ReEx.001.002
1306,NO,N,SFH,003,NO.N.SFH.02.Gen.ReEx.001.003
1307,NO,N,SFH,001,NO.N.SFH.02.Gen.ReEx.002.001
1308,NO,N,SFH,002,NO.N.SFH.02.Gen.ReEx.002.002
1309,NO,N,SFH,003,NO.N.SFH.02.Gen.ReEx.002.003
1310,NO,N,SFH,001,NO.N.SFH.03.Gen.ReEx.001.001
1311,NO,N,SFH,002,NO.N.SFH.03.Gen.ReEx.001.002
1312,NO,N,SFH,003,NO.N.SFH.03.Gen.ReEx.001.003
1313,NO,N,SFH,001,NO.N.SFH.04.Gen.ReEx.001.001
1314,NO,N,SFH,002,NO.N.SFH.04.Gen.ReEx.001.002
1315,NO,N,SFH,003,NO.N.SFH.04.Gen.ReEx.001.003
1316,NO,N,SFH,001,NO.N.SFH.05.Gen.ReEx.001.001
1317,NO,N,SFH,002,NO.N.SFH.05.Gen.ReEx.001.002
1318,NO,N,SFH,003,NO.N.SFH.05.Gen.ReEx.001.003
1319,NO,N,SFH,001,NO.N.SFH.06.Gen.ReEx.001.001
1320,NO,N,SFH,002,NO.N.SFH.06.Gen.ReEx.001.002
1321,NO,N,SFH,003,NO.N.SFH.06.Gen.ReEx.001.003
1322,NO,N,SFH,001,NO.N.SFH.07.Gen.ReEx.001.001
1323,NO,N,SFH,002,NO.N.SFH.07.Gen.ReEx.001.002
1324,NO,N,SFH,003,NO.N.SFH.07.Gen.ReEx.001.003
1325,NO,N,TH,001,NO.N.TH.01.Gen.ReEx.001.001
1326,NO,N,TH,002,NO.N.TH.01.Gen.ReEx.001.002
1327,NO,N,TH,003,NO.N.TH.01.Gen.ReEx.001.003
1328,NO,N,TH,001,NO.N.TH.02.Gen.ReEx.001.001
1329,NO,N,TH,002,NO.N.TH.02.Gen.ReEx.001.002
1330,NO,N,TH,003,NO.N.TH.02.Gen.ReEx.001.003
1331,NO,N,TH,001,NO.N.TH.03.Gen.ReEx.001.001
1332,NO,N,TH,002,NO.N.TH.03.Gen.ReEx.001.002
1333,NO,N,TH,003,NO.N.TH.03.Gen.ReEx.001.003
1334,NO,N,TH,001,NO.N.TH.04.Gen.ReEx.001.001
1335,NO,N,TH,002,NO.N.TH.04.Gen.ReEx.001.002
1336,NO,N,TH,003,NO.N.TH.04.Gen.ReEx.001.003
1337,NO,N,TH,001,NO.N.TH.05.Gen.ReEx.001.001
1338,NO,N,TH,002,NO.N.TH.05.Gen.ReEx.001.002
1339,NO,N,TH,003,NO.N.TH.05.Gen.ReEx.001.003
1340,NO,N,TH,001,NO.N.TH.06.Gen.ReEx.001.001
1341,NO,N,TH,002,NO.N.TH.06.Gen.ReEx.001.002
1342,NO,N,TH,003,NO.N.TH.06.Gen.ReEx.001.003
1343,NO,N,TH,001,NO.N.TH.07.Gen.ReEx.001.001
1344,NO,N,TH,002,NO.N.TH.07.Gen.ReEx.001.002
1345,NO,N,TH,003,NO.N.TH.07.Gen.ReEx.001.003
1346,PL,N,AB,001,PL.N.AB.03.Gen.ReEx.001.001
1347,PL,N,AB,002,PL.N.AB.03.Gen.ReEx.001.002
1348,PL,N,AB,003,PL.N.AB.03.Gen.ReEx.001.003
1349,PL,N,AB,001,PL.N.AB.04.Gen.ReEx.001.001
1350,PL,N,AB,002,PL.N.AB.04.Gen.ReEx.001.002
1351,PL,N,AB,003,PL.N.AB.04.Gen.ReEx.001.003
1352,PL,N,AB,001,PL.N.AB.05.Gen.ReEx.001.001
1353,PL,N,AB,002,PL.N.AB.05.Gen.ReEx.001.002
1354,PL,N,AB,003,PL.N.AB.05.Gen.ReEx.001.003
1355,PL,N,AB,001,PL.N.AB.06.Gen.ReEx.001.001
1356,PL,N,AB,002,PL.N.AB.06.Gen.ReEx.001.002
1357,PL,N,AB,003,PL.N.AB.06.Gen.ReEx.001.003
1358,PL,N,AB,001,PL.N.AB.07.Gen.ReEx.001.001
1359,PL,N,AB,002,PL.N.AB.07.Gen.ReEx.001.002
1360,PL,N,AB,003,PL.N.AB.07.Gen.ReEx.001.003
1361,PL,N,MFH,001,PL.N.MFH.01.Gen.ReEx.001.001
1362,PL,N,MFH,002,PL.N.MFH.01.Gen.ReEx.001.002
1363,PL,N,MFH,003,PL.N.MFH.01.Gen.ReEx.001.003
1364,PL,N,MFH,001,PL.N.MFH.02.Gen.ReEx.001.001
1365,PL,N,MFH,002,PL.N.MFH.02.Gen.ReEx.001.002
1366,PL,N,MFH,003,PL.N.MFH.02.Gen.ReEx.001.003
1367,PL,N,MFH,001,PL.N.MFH.03.Gen.ReEx.001.001
1368,PL,N,MFH,002,PL.N.MFH.03.Gen.ReEx.001.002
1369,PL,N,MFH,003,PL.N.MFH.03.Gen.ReEx.001.003
1370,PL,N,MFH,001,PL.N.MFH.04.Gen.ReEx.001.001
1371,PL,N,MFH,002,PL.N.MFH.04.Gen.ReEx.001.002
1372,PL,N,MFH,003,PL.N.MFH.04.Gen.ReEx.001.003
1373,PL,N,MFH,001,PL.N.MFH.05.Gen.ReEx.001.001
1374,PL,N,MFH,002,PL.N.MFH.05.Gen.ReEx.001.002
1375,PL,N,MFH,003,PL.N.MFH.05.Gen.ReEx.001.003
1376,PL,N,MFH,001,PL.N.MFH.06.Gen.ReEx.001.001
1377,PL,N,MFH,002,PL.N.MFH.06.Gen.ReEx.001.002
1378,PL,N,MFH,003,PL.N.MFH.06.Gen.ReEx.001.003
1379,PL,N,MFH,001,PL.N.MFH.07.Gen.ReEx.001.001
1380,PL,N,MFH,002,PL.N.MFH.07.Gen.ReEx.001.002
1381,PL,N,MFH,003,PL.N.MFH.07.Gen.ReEx.001.003
1382,PL,N,SFH,001,PL.N.SFH.01.Gen.ReEx.001.001
1383,PL,N,SFH,002,PL.N.SFH.01.Gen.ReEx.001.002
1384,PL,N,SFH,003,PL.N.SFH.01.Gen.ReEx.001.003
1385,PL,N,SFH,001,PL.N.SFH.02.Gen.ReEx.001.001
1386,PL,N,SFH,002,PL.N.SFH.02.Gen.ReEx.001.002
1387,PL,N,SFH,003,PL.N.SFH.02.Gen.ReEx.001.003
1388,PL,N,SFH,001,PL.N.SFH.03.Gen.ReEx.001.001
1389,PL,N,SFH,002,PL.N.SFH.03.Gen.ReEx.001.002
1390,PL,N,SFH,003,PL.N.SFH.03.Gen.ReEx.001.003
1391,PL,N,SFH,001,PL.N.SFH.04.Gen.ReEx.001.001
1392,PL,N,SFH,002,PL.N.SFH.04.Gen.ReEx.001.002
1393,PL,N,SFH,003,PL.N.SFH.04.Gen.ReEx.001.003
1394,PL,N,SFH,001,PL.N.SFH.05.Gen.ReEx.001.001
1395,PL,N,SFH,002,PL.N.SFH.05.Gen.ReEx.001.002
1396,PL,N,SFH,003,PL.N.SFH.05.Gen.ReEx.001.003
1397,PL,N,SFH,001,PL.N.SFH.06.Gen.ReEx.001.001
1398,PL,N,SFH,002,PL.N.SFH.06.Gen.ReEx.001.002
1399,PL,N,SFH,003,PL.N.SFH.06.Gen.ReEx.001.003
1400,PL,N,SFH,001,PL.N.SFH.07.Gen.ReEx.001.001
1401,PL,N,SFH,002,PL.N.SFH.07.Gen.ReEx.001.002
1402,PL,N,SFH,003,PL.N.SFH.07.Gen.ReEx.001.003
1403,PL,N,TH,001,PL.N.TH.01.Gen.ReEx.001.001
1404,PL,N,TH,002,PL.N.TH.01.Gen.ReEx.001.002
1405,PL,N,TH,003,PL.N.TH.01.Gen.ReEx.001.003
1406,PL,N,TH,001,PL.N.TH.02.Gen.ReEx.001.001
1407,PL,N,TH,002,PL.N.TH.02.Gen.ReEx.001.002
1408,PL,N,TH,003,PL.N.TH.02.Gen.ReEx.001.003
1409,PL,N,TH,001,PL.N.TH.03.Gen.ReEx.001.001
1410,PL,N,TH,002,PL.N.TH.03.Gen.ReEx.001.002
1411,PL,N,TH,003,PL.N.TH.03.Gen.ReEx.001.003
1412,PL,N,TH,001,PL.N.TH.04.Gen.ReEx.001.001
1413,PL,N,TH,002,PL.N.TH.04.Gen.ReEx.001.002
1414,PL,N,TH,003,PL.N.TH.04.Gen.ReEx.001.003
1415,PL,N,TH,001,PL.N.TH.05.Gen.ReEx.001.001
1416,PL,N,TH,002,PL.N.TH.05.Gen.ReEx.001.002
1417,PL,N,TH,003,PL.N.TH.05.Gen.ReEx.001.003
1418,PL,N,TH,001,PL.N.TH.06.Gen.ReEx.001.001
1419,PL,N,TH,002,PL.N.TH.06.Gen.ReEx.001.002
1420,PL,N,TH,003,PL.N.TH.06.Gen.ReEx.001.003
1421,PL,N,TH,001,PL.N.TH.07.Gen.ReEx.001.001
1422,PL,N,TH,002,PL.N.TH.07.Gen.ReEx.001.002
1423,PL,N,TH,003,PL.N.TH.07.Gen.ReEx.001.003
1424,RS,N,AB,001,RS.N.AB.01.Gen.ReEx.001.001
1425,RS,N,AB,002,RS.N.AB.01.Gen.ReEx.001.002
1426,RS,N,AB,003,RS.N.AB.01.Gen.ReEx.001.003
1427,RS,N,AB,001,RS.N.AB.02.Gen.ReEx.001.001
1428,RS,N,AB,002,RS.N.AB.02.Gen.ReEx.001.002
1429,RS,N,AB,003,RS.N.AB.02.Gen.ReEx.001.003
1430,RS,N,AB,001,RS.N.AB.03.Gen.ReEx.001.001
1431,RS,N,AB,002,RS.N.AB.03.Gen.ReEx.001.002
1432,RS,N,AB,003,RS.N.AB.03.Gen.ReEx.001.003
1433,RS,N,AB,001,RS.N.AB.04.Gen.ReEx.001.001
1434,RS,N,AB,002,RS.N.AB.04.Gen.ReEx.001.002
1435,RS,N,AB,003,RS.N.AB.04.Gen.ReEx.001.003
1436,RS,N,AB,001,RS.N.AB.05.Gen.ReEx.001.001
1437,RS,N,AB,002,RS.N.AB.05.Gen.ReEx.001.002
1438,RS,N,AB,003,RS.N.AB.05.Gen.ReEx.001.003
1439,RS,N,AB,001,RS.N.AB.06.Gen.ReEx.001.001
1440,RS,N,AB,002,RS.N.AB.06.Gen.ReEx.001.002
1441,RS,N,AB,003,RS.N.AB.06.Gen.ReEx.001.003
1442,RS,N,AB,001,RS.N.AB.07.Gen.ReEx.001.001
1443,RS,N,AB,002,RS.N.AB.07.Gen.ReEx.001.002
1444,RS,N,AB,003,RS.N.AB.07.Gen.ReEx.001.003
1445,RS,N,AB,001,RS.N.AB.08.Gen.ReEx.001.001
1446,RS,N,AB,002,RS.N.AB.08.Gen.ReEx.001.002
1447,RS,N,AB,003,RS.N.AB.08.Gen.ReEx.001.003
1448,RS,N,MFH,001,RS.N.MFH.01.Gen.ReEx.001.001
1449,RS,N,MFH,002,RS.N.MFH.01.Gen.ReEx.001.002
1450,RS,N,MFH,003,RS.N.MFH.01.Gen.ReEx.001.003
1451,RS,N,MFH,001,RS.N.MFH.02.Gen.ReEx.001.001
1452,RS,N,MFH,002,RS.N.MFH.02.Gen.ReEx.001.002
1453,RS,N,MFH,003,RS.N.MFH.02.Gen.ReEx.001.003
1454,RS,N,MFH,001,RS.N.MFH.03.Gen.ReEx.001.001
1455,RS,N,MFH,002,RS.N.MFH.03.Gen.ReEx.001.002
1456,RS,N,MFH,003,RS.N.MFH.03.Gen.ReEx.001.003
1457,RS,N,MFH,001,RS.N.MFH.04.Gen.ReEx.001.001
1458,RS,N,MFH,002,RS.N.MFH.04.Gen.ReEx.001.002
1459,RS,N,MFH,003,RS.N.MFH.04.Gen.ReEx.001.003
1460,RS,N,MFH,001,RS.N.MFH.05.Gen.ReEx.001.001
1461,RS,N,MFH,002,RS.N.MFH.05.Gen.ReEx.001.002
1462,RS,N,MFH,003,RS.N.MFH.05.Gen.ReEx.001.003
1463,RS,N,MFH,001,RS.N.MFH.06.Gen.ReEx.001.001
1464,RS,N,MFH,002,RS.N.MFH.06.Gen.ReEx.001.002
1465,RS,N,MFH,003,RS.N.MFH.06.Gen.ReEx.001.003
1466,RS,N,MFH,001,RS.N.MFH.07.Gen.ReEx.001.001
1467,RS,N,MFH,002,RS.N.MFH.07.Gen.ReEx.001.002
1468,RS,N,MFH,003,RS.N.MFH.07.Gen.ReEx.001.003
1469,RS,N,MFH,001,RS.N.MFH.08.Gen.ReEx.001.001
1470,RS,N,MFH,002,RS.N.MFH.08.Gen.ReEx.001.002
1471,RS,N,MFH,003,RS.N.MFH.08.Gen.ReEx.001.003
1472,RS,N,SFH,001,RS.N.SFH.01.Gen.ReEx.001.001
1473,RS,N,SFH,002,RS.N.SFH.01.Gen.ReEx.001.002
1474,RS,N,SFH,003,RS.N.SFH.01.Gen.ReEx.001.003
1475,RS,N,SFH,001,RS.N.SFH.02.Gen.ReEx.001.001
1476,RS,N,SFH,002,RS.N.SFH.02.Gen.ReEx.001.002
1477,RS,N,SFH,003,RS.N.SFH.02.Gen.ReEx.001.003
1478,RS,N,SFH,001,RS.N.SFH.03.Gen.ReEx.001.001
1479,RS,N,SFH,002,RS.N.SFH.03.Gen.ReEx.001.002
1480,RS,N,SFH,003,RS.N.SFH.03.Gen.ReEx.001.003
1481,RS,N,SFH,001,RS.N.SFH.04.Gen.ReEx.001.001
1482,RS,N,SFH,002,RS.N.SFH.04.Gen.ReEx.001.002
1483,RS,N,SFH,003,RS.N.SFH.04.Gen.ReEx.001.003
1484,RS,N,SFH,001,RS.N.SFH.05.Gen.ReEx.001.001
1485,RS,N,SFH,002,RS.N.SFH.05.Gen.ReEx.001.002
1486,RS,N,SFH,003,RS.N.SFH.05.Gen.ReEx.001.003
1487,RS,N,SFH,001,RS.N.SFH.06.Gen.ReEx.001.001
1488,RS,N,SFH,002,RS.N.SFH.06.Gen.ReEx.001.002
1489,RS,N,SFH,003,RS.N.SFH.06.Gen.ReEx.001.003
1490,RS,N,SFH,001,RS.N.SFH.07.Gen.ReEx.001.001
1491,RS,N,SFH,002,RS.N.SFH.07.Gen.ReEx.001.002
1492,RS,N,SFH,003,RS.N.SFH.07.Gen.ReEx.001.003
1493,RS,N,SFH,001,RS.N.SFH.08.Gen.ReEx.001.001
1494,RS,N,SFH,002,RS.N.SFH.08.Gen.ReEx.001.002
1495,RS,N,SFH,003,RS.N.SFH.08.Gen.ReEx.001.003
1496,RS,N,TH,001,RS.N.TH.01.Gen.ReEx.001.001
1497,RS,N,TH,002,RS.N.TH.01.Gen.ReEx.001.002
1498,RS,N,TH,003,RS.N.TH.01.Gen.ReEx.001.003
1499,RS,N,TH,001,RS.N.TH.02.Gen.ReEx.001.001
1500,RS,N,TH,002,RS.N.TH.02.Gen.ReEx.001.002
1501,RS,N,TH,003,RS.N.TH.02.Gen.ReEx.001.003
1502,RS,N,TH,001,RS.N.TH.03.Gen.ReEx.001.001
1503,RS,N,TH,002,RS.N.TH.03.Gen.ReEx.001.002
1504,RS,N,TH,003,RS.N.TH.03.Gen.ReEx.001.003
1505,RS,N,TH,001,RS.N.TH.04.Gen.ReEx.001.001
1506,RS,N,TH,002,RS.N.TH.04.Gen.ReEx.001.002
1507,RS,N,TH,003,RS.N.TH.04.Gen.ReEx.001.003
1508,RS,N,TH,001,RS.N.TH.05.Gen.ReEx.001.001
1509,RS,N,TH,002,RS.N.TH.05.Gen.ReEx.001.002
1510,RS,N,TH,003,RS.N.TH.05.Gen.ReEx.001.003
1511,RS,N,TH,001,RS.N.TH.06.Gen.ReEx.001.001
1512,RS,N,TH,002,RS.N.TH.06.Gen.ReEx.001.002
1513,RS,N,TH,003,RS.N.TH.06.Gen.ReEx.001.003
1514,RS,N,TH,001,RS.N.TH.07.Gen.ReEx.001.001
1515,RS,N,TH,002,RS.N.TH.07.Gen.ReEx.001.002
1516,RS,N,TH,003,RS.N.TH.07.Gen.ReEx.001.003
1517,SE,Zone3,MFH,001,SE.Zone3.MFH.01.250SB.ReEx.001.001
1518,SE,Zone3,MFH,002,SE.Zone3.MFH.01.250SB.ReEx.001.002
1519,SE,Zone3,MFH,003,SE.Zone3.MFH.01.250SB.ReEx.001.003
1520,SE,Zone3,MFH,001,SE.Zone3.MFH.01.Gen.ReEx.001.001
1521,SE,Zone3,MFH,002,SE.Zone3.MFH.01.Gen.ReEx.001.002
1522,SE,Zone3,MFH,003,SE.Zone3.MFH.01.Gen.ReEx.001.003
1523,SE,Zone3,MFH,001,SE.Zone3.MFH.02.Gen.ReEx.001.001
1524,SE,Zone3,MFH,002,SE.Zone3.MFH.02.Gen.ReEx.001.002
1525,SE,Zone3,MFH,003,SE.Zone3.MFH.02.Gen.ReEx.001.003
1526,SE,Zone3,MFH,001,SE.Zone3.MFH.03.Gen.ReEx.001.001
1527,SE,Zone3,MFH,002,SE.Zone3.MFH.03.Gen.ReEx.001.002
1528,SE,Zone3,MFH,003,SE.Zone3.MFH.03.Gen.ReEx.001.003
1529,SE,Zone3,MFH,001,SE.Zone3.MFH.04.Gen.ReEx.001.001
1530,SE,Zone3,MFH,002,SE.Zone3.MFH.04.Gen.ReEx.001.002
1531,SE,Zone3,MFH,003,SE.Zone3.MFH.04.Gen.ReEx.001.003
1532,SE,Zone3,MFH,001,SE.Zone3.MFH.05.Gen.ReEx.001.001
1533,SE,Zone3,MFH,002,SE.Zone3.MFH.05.Gen.ReEx.001.002
1534,SE,Zone3,MFH,003,SE.Zone3.MFH.05.Gen.ReEx.001.003
1535,SE,Zone3,SFH,001,SE.Zone3.SFH.01.250LCB.ReEx.001.001
1536,SE,Zone3,SFH,002,SE.Zone3.SFH.01.250LCB.ReEx.001.002
1537,SE,Zone3,SFH,003,SE.Zone3.SFH.01.250LCB.ReEx.001.003
1538,SE,Zone3,SFH,001,SE.Zone3.SFH.01.Gen.ReEx.001.001
1539,SE,Zone3,SFH,002,SE.Zone3.SFH.01.Gen.ReEx.001.002
1540,SE,Zone3,SFH,003,SE.Zone3.SFH.01.Gen.ReEx.001.003
1541,SE,Zone3,SFH,001,SE.Zone3.SFH.01.Gen.ReEx.002.001
1542,SE,Zone3,SFH,002,SE.Zone3.SFH.01.Gen.ReEx.002.002
1543,SE,Zone3,SFH,003,SE.Zone3.SFH.01.Gen.ReEx.002.003
1544,SE,Zone3,SFH,001,SE.Zone3.SFH.02.Gen.ReEx.001.001
1545,SE,Zone3,SFH,002,SE.Zone3.SFH.02.Gen.ReEx.001.002
1546,SE,Zone3,SFH,003,SE.Zone3.SFH.02.Gen.ReEx.001.003
1547,SE,Zone3,SFH,001,SE.Zone3.SFH.02.Gen.ReEx.002.001
1548,SE,Zone3,SFH,002,SE.Zone3.SFH.02.Gen.ReEx.002.002
1549,SE,Zone3,SFH,003,SE.Zone3.SFH.02.Gen.ReEx.002.003
1550,SE,Zone3,SFH,001,SE.Zone3.SFH.03.Gen.ReEx.001.001
1551,SE,Zone3,SFH,002,SE.Zone3.SFH.03.Gen.ReEx.001.002
1552,SE,Zone3,SFH,003,SE.Zone3.SFH.03.Gen.ReEx.001.003
1553,SE,Zone3,SFH,001,SE.Zone3.SFH.03.Gen.ReEx.002.001
1554,SE,Zone3,SFH,002,SE.Zone3.SFH.03.Gen.ReEx.002.002
1555,SE,Zone3,SFH,003,SE.Zone3.SFH.03.Gen.ReEx.002.003
1556,SE,Zone3,SFH,001,SE.Zone3.SFH.04.Gen.ReEx.001.001
1557,SE,Zone3,SFH,002,SE.Zone3.SFH.04.Gen.ReEx.001.002
1558,SE,Zone3,SFH,003,SE.Zone3.SFH.04.Gen.ReEx.001.003
1559,SE,Zone3,SFH,001,SE.Zone3.SFH.04.Gen.ReEx.002.001
1560,SE,Zone3,SFH,002,SE.Zone3.SFH.04.Gen.ReEx.002.002
1561,SE,Zone3,SFH,003,SE.Zone3.SFH.04.Gen.ReEx.002.003
1562,SE,Zone3,SFH,001,SE.Zone3.SFH.05.Gen.ReEx.001.001
1563,SE,Zone3,SFH,002,SE.Zone3.SFH.05.Gen.ReEx.001.002
1564,SE,Zone3,SFH,003,SE.Zone3.SFH.05.Gen.ReEx.001.003
1565,SE,Zone3,SFH,001,SE.Zone3.SFH.05.Gen.ReEx.002.001
1566,SE,Zone3,SFH,002,SE.Zone3.SFH.05.Gen.ReEx.002.002
1567,SE,Zone3,SFH,003,SE.Zone3.SFH.05.Gen.ReEx.002.003
1568,SI,N,AB,001,SI.N.AB.01.Gen.ReEx.001.001
1569,SI,N,AB,002,SI.N.AB.01.Gen.ReEx.001.002
1570,SI,N,AB,003,SI.N.AB.01.Gen.ReEx.001.003
1571,SI,N,AB,001,SI.N.AB.02.Gen.ReEx.001.001
1572,SI,N,AB,002,SI.N.AB.02.Gen.ReEx.001.002
1573,SI,N,AB,003,SI.N.AB.02.Gen.ReEx.001.003
1574,SI,N,AB,001,SI.N.AB.03.Gen.ReEx.001.001
1575,SI,N,AB,002,SI.N.AB.03.Gen.ReEx.001.002
1576,SI,N,AB,003,SI.N.AB.03.Gen.ReEx.001.003
1577,SI,N,AB,001,SI.N.AB.04.Gen.ReEx.001.001
1578,SI,N,AB,002,SI.N.AB.04.Gen.ReEx.001.002
1579,SI,N,AB,003,SI.N.AB.04.Gen.ReEx.001.003
1580,SI,N,AB,001,SI.N.AB.05.Gen.ReEx.001.001
1581,SI,N,AB,002,SI.N.AB.05.Gen.ReEx.001.002
1582,SI,N,AB,003,SI.N.AB.05.Gen.ReEx.001.003
1583,SI,N,AB,001,SI.N.AB.06.Gen.ReEx.001.001
1584,SI,N,AB,002,SI.N.AB.06.Gen.ReEx.001.002
1585,SI,N,AB,003,SI.N.AB.06.Gen.ReEx.001.003
1586,SI,N,MFH,001,SI.N.MFH.01.Gen.ReEx.001.001
1587,SI,N,MFH,002,SI.N.MFH.01.Gen.ReEx.001.002
1588,SI,N,MFH,003,SI.N.MFH.01.Gen.ReEx.001.003
1589,SI,N,MFH,001,SI.N.MFH.02.Gen.ReEx.001.001
1590,SI,N,MFH,002,SI.N.MFH.02.Gen.ReEx.001.002
1591,SI,N,MFH,003,SI.N.MFH.02.Gen.ReEx.001.003
1592,SI,N,MFH,001,SI.N.MFH.03.Gen.ReEx.001.001
1593,SI,N,MFH,002,SI.N.MFH.03.Gen.ReEx.001.002
1594,SI,N,MFH,003,SI.N.MFH.03.Gen.ReEx.001.003
1595,SI,N,MFH,001,SI.N.MFH.04.Gen.ReEx.001.001
1596,SI,N,MFH,002,SI.N.MFH.04.Gen.ReEx.001.002
1597,SI,N,MFH,003,SI.N.MFH.04.Gen.ReEx.001.003
1598,SI,N,MFH,001,SI.N.MFH.05.Gen.ReEx.001.001
1599,SI,N,MFH,002,SI.N.MFH.05.Gen.ReEx.001.002
1600,SI,N,MFH,003,SI.N.MFH.05.Gen.ReEx.001.003
1601,SI,N,MFH,001,SI.N.MFH.06.Gen.ReEx.001.001
1602,SI,N,MFH,002,SI.N.MFH.06.Gen.ReEx.001.002
1603,SI,N,MFH,003,SI.N.MFH.06.Gen.ReEx.001.003
1604,SI,N,SFH,001,SI.N.SFH.01.Gen.ReEx.001.001
1605,SI,N,SFH,002,SI.N.SFH.01.Gen.ReEx.001.002
1606,SI,N,SFH,003,SI.N.SFH.01.Gen.ReEx.001.003
1607,SI,N,SFH,001,SI.N.SFH.02.Gen.ReEx.001.001
1608,SI,N,SFH,002,SI.N.SFH.02.Gen.ReEx.001.002
1609,SI,N,SFH,003,SI.N.SFH.02.Gen.ReEx.001.003
1610,SI,N,SFH,001,SI.N.SFH.03.Gen.ReEx.001.001
1611,SI,N,SFH,002,SI.N.SFH.03.Gen.ReEx.001.002
1612,SI,N,SFH,003,SI.N.SFH.03.Gen.ReEx.001.003
1613,SI,N,SFH,001,SI.N.SFH.04.Gen.ReEx.001.001
1614,SI,N,SFH,002,SI.N.SFH.04.Gen.ReEx.001.002
1615,SI,N,SFH,003,SI.N.SFH.04.Gen.ReEx.001.003
1616,SI,N,SFH,001,SI.N.SFH.05.Gen.ReEx.001.001
1617,SI,N,SFH,002,SI.N.SFH.05.Gen.ReEx.001.002
1618,SI,N,SFH,003,SI.N.SFH.05.Gen.ReEx.001.003
1619,SI,N,SFH,001,SI.N.SFH.06.Gen.ReEx.001.001
1620,SI,N,SFH,002,SI.N.SFH.06.Gen.ReEx.001.002
1621,SI,N,SFH,003,SI.N.SFH.06.Gen.ReEx.001.003
1622,SI,N,TH,001,SI.N.TH.01.Gen.ReEx.001.001
1623,SI,N,TH,002,SI.N.TH.01.Gen.ReEx.001.002
1624,SI,N,TH,003,SI.N.TH.01.Gen.ReEx.001.003
1625,SI,N,TH,001,SI.N.TH.02.Gen.ReEx.001.001
1626,SI,N,TH,002,SI.N.TH.02.Gen.ReEx.001.002
1627,SI,N,TH,003,SI.N.TH.02.Gen.ReEx.001.003
1628,SI,N,TH,001,SI.N.TH.03.Gen.ReEx.001.001
1629,SI,N,TH,002,SI.N.TH.03.Gen.ReEx.001.002
1630,SI,N,TH,003,SI.N.TH.03.Gen.ReEx.001.003
1631,SI,N,TH,001,SI.N.TH.04.Gen.ReEx.001.001
1632,SI,N,TH,002,SI.N.TH.04.Gen.ReEx.001.002
1633,SI,N,TH,003,SI.N.TH.04.Gen.ReEx.001.003
1634,SI,N,TH,001,SI.N.TH.05.Gen.ReEx.001.001
1635,SI,N,TH,002,SI.N.TH.05.Gen.ReEx.001.002
1636,SI,N,TH,003,SI.N.TH.05.Gen.ReEx.001.003
1637,SI,N,TH,001,SI.N.TH.06.Gen.ReEx.001.001
1638,SI,N,TH,002,SI.N.TH.06.Gen.ReEx.001.002
1639,SI,N,TH,003,SI.N.TH.06.Gen.ReEx.001.003
1640,DK,N,AB,001,DK.N.AB.01.Gen.SyAv.001.001
1641,DK,N,AB,002,DK.N.AB.01.Gen.SyAv.001.002
1642,DK,N,AB,003,DK.N.AB.01.Gen.SyAv.001.003
1643,DK,N,AB,001,DK.N.AB.02.Gen.SyAv.001.001
1644,DK,N,AB,002,DK.N.AB.02.Gen.SyAv.001.002
1645,DK,N,AB,003,DK.N.AB.02.Gen.SyAv.001.003
1646,DK,N,AB,001,DK.N.AB.03.Gen.SyAv.001.001
1647,DK,N,AB,002,DK.N.AB.03.Gen.SyAv.001.002
1648,DK,N,AB,003,DK.N.AB.03.Gen.SyAv.001.003
1649,DK,N,AB,001,DK.N.AB.04.Gen.SyAv.001.001
1650,DK,N,AB,002,DK.N.AB.04.Gen.SyAv.001.002
1651,DK,N,AB,003,DK.N.AB.04.Gen.SyAv.001.003
1652,DK,N,AB,001,DK.N.AB.05.Gen.SyAv.001.001
1653,DK,N,AB,002,DK.N.AB.05.Gen.SyAv.001.002
1654,DK,N,AB,003,DK.N.AB.05.Gen.SyAv.001.003
1655,DK,N,AB,001,DK.N.AB.06.Gen.SyAv.001.001
1656,DK,N,AB,002,DK.N.AB.06.Gen.SyAv.001.002
1657,DK,N,AB,003,DK.N.AB.06.Gen.SyAv.001.003
1658,DK,N,AB,001,DK.N.AB.07.Gen.SyAv.001.001
1659,DK,N,AB,002,DK.N.AB.07.Gen.SyAv.001.002
1660,DK,N,AB,003,DK.N.AB.07.Gen.SyAv.001.003
1661,DK,N,AB,001,DK.N.AB.08.Gen.SyAv.001.001
1662,DK,N,AB,002,DK.N.AB.08.Gen.SyAv.001.002
1663,DK,N,AB,003,DK.N.AB.08.Gen.SyAv.001.003
1664,DK,N,AB,001,DK.N.AB.09.Gen.SyAv.001.001
1665,DK,N,AB,002,DK.N.AB.09.Gen.SyAv.001.002
1666,DK,N,AB,003,DK.N.AB.09.Gen.SyAv.001.003
1667,DK,N,SFH,001,DK.N.SFH.01.Gen.SyAv.001.001
1668,DK,N,SFH,002,DK.N.SFH.01.Gen.SyAv.001.002
1669,DK,N,SFH,003,DK.N.SFH.01.Gen.SyAv.001.003
1670,DK,N,SFH,001,DK.N.SFH.02.Gen.SyAv.001.001
1671,DK,N,SFH,002,DK.N.SFH.02.Gen.SyAv.001.002
1672,DK,N,SFH,003,DK.N.SFH.02.Gen.SyAv.001.003
1673,DK,N,SFH,001,DK.N.SFH.03.Gen.SyAv.001.001
1674,DK,N,SFH,002,DK.N.SFH.03.Gen.SyAv.001.002
1675,DK,N,SFH,003,DK.N.SFH.03.Gen.SyAv.001.003
1676,DK,N,SFH,001,DK.N.SFH.04.Gen.SyAv.001.001
1677,DK,N,SFH,002,DK.N.SFH.04.Gen.SyAv.001.002
1678,DK,N,SFH,003,DK.N.SFH.04.Gen.SyAv.001.003
1679,DK,N,SFH,001,DK.N.SFH.05.Gen.SyAv.001.001
1680,DK,N,SFH,002,DK.N.SFH.05.Gen.SyAv.001.002
1681,DK,N,SFH,003,DK.N.SFH.05.Gen.SyAv.001.003
1682,DK,N,SFH,001,DK.N.SFH.06.Gen.SyAv.001.001
1683,DK,N,SFH,002,DK.N.SFH.06.Gen.SyAv.001.002
1684,DK,N,SFH,003,DK.N.SFH.06.Gen.SyAv.001.003
1685,DK,N,SFH,001,DK.N.SFH.07.Gen.SyAv.001.001
1686,DK,N,SFH,002,DK.N.SFH.07.Gen.SyAv.001.002
1687,DK,N,SFH,003,DK.N.SFH.07.Gen.SyAv.001.003
1688,DK,N,SFH,001,DK.N.SFH.08.Gen.SyAv.001.001
1689,DK,N,SFH,002,DK.N.SFH.08.Gen.SyAv.001.002
1690,DK,N,SFH,003,DK.N.SFH.08.Gen.SyAv.001.003
1691,DK,N,SFH,001,DK.N.SFH.09.Gen.SyAv.001.001
1692,DK,N,SFH,002,DK.N.SFH.09.Gen.SyAv.001.002
1693,DK,N,SFH,003,DK.N.SFH.09.Gen.SyAv.001.003
1694,DK,N,TH,001,DK.N.TH.01.Gen.SyAv.001.001
1695,DK,N,TH,002,DK.N.TH.01.Gen.SyAv.001.002
1696,DK,N,TH,003,DK.N.TH.01.Gen.SyAv.001.003
1697,DK,N,TH,001,DK.N.TH.02.Gen.SyAv.001.001
1698,DK,N,TH,002,DK.N.TH.02.Gen.SyAv.001.002
1699,DK,N,TH,003,DK.N.TH.02.Gen.SyAv.001.003
1700,DK,N,TH,001,DK.N.TH.03.Gen.SyAv.001.001
1701,DK,N,TH,002,DK.N.TH.03.Gen.SyAv.001.002
1702,DK,N,TH,003,DK.N.TH.03.Gen.SyAv.001.003
1703,DK,N,TH,001,DK.N.TH.04.Gen.SyAv.001.001
1704,DK,N,TH,002,DK.N.TH.04.Gen.SyAv.001.002
1705,DK,N,TH,003,DK.N.TH.04.Gen.SyAv.001.003
1706,DK,N,TH,001,DK.N.TH.05.Gen.SyAv.001.001
1707,DK,N,TH,002,DK.N.TH.05.Gen.SyAv.001.002
1708,DK,N,TH,003,DK.N.TH.05.Gen.SyAv.001.003
1709,DK,N,TH,001,DK.N.TH.06.Gen.SyAv.001.001
1710,DK,N,TH,002,DK.N.TH.06.Gen.SyAv.001.002
1711,DK,N,TH,003,DK.N.TH.06.Gen.SyAv.001.003
1712,DK,N,TH,001,DK.N.TH.07.Gen.SyAv.001.001
1713,DK,N,TH,002,DK.N.TH.07.Gen.SyAv.001.002
1714,DK,N,TH,003,DK.N.TH.07.Gen.SyAv.001.003
1715,DK,N,TH,001,DK.N.TH.08.Gen.SyAv.001.001
1716,DK,N,TH,002,DK.N.TH.08.Gen.SyAv.001.002
1717,DK,N,TH,003,DK.N.TH.08.Gen.SyAv.001.003
1718,DK,N,TH,001,DK.N.TH.09.Gen.SyAv.001.001
1719,DK,N,TH,002,DK.N.TH.09.Gen.SyAv.001.002
1720,DK,N,TH,003,DK.N.TH.09.Gen.SyAv.001.003
1721,GB,ENG,AB,001,GB.ENG.AB.01.ApartmentBuildings.SyAv.001.001
1722,GB,ENG,AB,001,GB.ENG.AB.02-03.ApartmentBuildings.SyAv.002.001
1723,GB,ENG,AB,001,GB.ENG.AB.04-08.ApartmentBuildings.SyAv.005.001
1724,GB,ENG,SFH,001,GB.ENG.SFH.01.Detached.SyAv.001.001
1725,GB,ENG,SFH,001,GB.ENG.SFH.02-03.Detached.SyAv.002.001
1726,GB,ENG,SFH,001,GB.ENG.SFH.04-08.Detached.SyAv.005.001
1727,GB,ENG,TH,001,GB.ENG.TH.01.Terraced.SyAv.001.001
1728,GB,ENG,TH,001,GB.ENG.TH.02-03.Terraced.SyAv.002.001
1729,GB,ENG,TH,001,GB.ENG.TH.04-08.Terraced.SyAv.005.001
1730,GR,ZoneB,MFH,001,GR.ZoneB.MFH.01.Gen.SyAv.001.001
1731,GR,ZoneB,MFH,001,GR.ZoneB.MFH.02.Gen.SyAv.001.001
1732,GR,ZoneB,MFH,001,GR.ZoneB.MFH.03.Gen.SyAv.001.001
1733,GR,ZoneB,SFH,001,GR.ZoneB.SFH.01.Gen.SyAv.001.001
1734,GR,ZoneB,SFH,001,GR.ZoneB.SFH.02.Gen.SyAv.001.001
1735,GR,ZoneB,SFH,001,GR.ZoneB.SFH.03.Gen.SyAv.001.001
1736,HU,N,AB,001,HU.N.AB.01-03.Gen.SyAv.001.001
1737,HU,N,MFH,001,HU.N.MFH.01-03.Gen.SyAv.001.001
1738,HU,N,MFH,001,HU.N.MFH.04-05.Gen.SyAv.001.001
1739,HU,N,SFH,001,HU.N.SFH.01-03.Gen.SyAv.001.001
1740,HU,N,SFH,001,HU.N.SFH.04-05.Gen.SyAv.001.001
1741,NO,N,AB,001,NO.N.AB.01.Gen.SyAv.001.001
1742,NO,N,AB,002,NO.N.AB.01.Gen.SyAv.001.002
1743,NO,N,AB,003,NO.N.AB.01.Gen.SyAv.001.003
1744,NO,N,AB,001,NO.N.AB.02.Gen.SyAv.001.001
1745,NO,N,AB,002,NO.N.AB.02.Gen.SyAv.001.002
1746,NO,N,AB,003,NO.N.AB.02.Gen.SyAv.001.003
1747,NO,N,AB,001,NO.N.AB.03.Gen.SyAv.001.001
1748,NO,N,AB,002,NO.N.AB.03.Gen.SyAv.001.002
1749,NO,N,AB,003,NO.N.AB.03.Gen.SyAv.001.003
1750,NO,N,AB,001,NO.N.AB.04.Gen.SyAv.001.001
1751,NO,N,AB,002,NO.N.AB.04.Gen.SyAv.001.002
1752,NO,N,AB,003,NO.N.AB.04.Gen.SyAv.001.003
1753,NO,N,AB,001,NO.N.AB.05.Gen.SyAv.001.001
1754,NO,N,AB,002,NO.N.AB.05.Gen.SyAv.001.002
1755,NO,N,AB,003,NO.N.AB.05.Gen.SyAv.001.003
1756,NO,N,AB,001,NO.N.AB.06.Gen.SyAv.001.001
1757,NO,N,AB,002,NO.N.AB.06.Gen.SyAv.001.002
1758,NO,N,AB,003,NO.N.AB.06.Gen.SyAv.001.003
1759,NO,N,AB,001,NO.N.AB.07.Gen.SyAv.001.001
1760,NO,N,AB,002,NO.N.AB.07.Gen.SyAv.001.002
1761,NO,N,AB,003,NO.N.AB.07.Gen.SyAv.001.003
1762,NO,N,SFH,001,NO.N.SFH.01.Gen.SyAv.001.001
1763,NO,N,SFH,002,NO.N.SFH.01.Gen.SyAv.001.002
1764,NO,N,SFH,003,NO.N.SFH.01.Gen.SyAv.001.003
1765,NO,N,SFH,001,NO.N.SFH.02.Gen.SyAv.001.001
1766,NO,N,SFH,002,NO.N.SFH.02.Gen.SyAv.001.002
1767,NO,N,SFH,003,NO.N.SFH.02.Gen.SyAv.001.003
1768,NO,N,SFH,001,NO.N.SFH.03.Gen.SyAv.001.001
1769,NO,N,SFH,002,NO.N.SFH.03.Gen.SyAv.001.002
1770,NO,N,SFH,003,NO.N.SFH.03.Gen.SyAv.001.003
1771,NO,N,SFH,001,NO.N.SFH.04.Gen.SyAv.001.001
1772,NO,N,SFH,002,NO.N.SFH.04.Gen.SyAv.001.002
1773,NO,N,SFH,003,NO.N.SFH.04.Gen.SyAv.001.003
1774,NO,N,SFH,001,NO.N.SFH.05.Gen.SyAv.001.001
1775,NO,N,SFH,002,NO.N.SFH.05.Gen.SyAv.001.002
1776,NO,N,SFH,003,NO.N.SFH.05.Gen.SyAv.001.003
1777,NO,N,SFH,001,NO.N.SFH.06.Gen.SyAv.001.001
1778,NO,N,SFH,002,NO.N.SFH.06.Gen.SyAv.001.002
1779,NO,N,SFH,003,NO.N.SFH.06.Gen.SyAv.001.003
1780,NO,N,SFH,001,NO.N.SFH.07.Gen.SyAv.001.001
1781,NO,N,SFH,002,NO.N.SFH.07.Gen.SyAv.001.002
1782,NO,N,SFH,003,NO.N.SFH.07.Gen.SyAv.001.003
1783,NO,N,TH,001,NO.N.TH.01.Gen.SyAv.001.001
1784,NO,N,TH,002,NO.N.TH.01.Gen.SyAv.001.002
1785,NO,N,TH,003,NO.N.TH.01.Gen.SyAv.001.003
1786,NO,N,TH,001,NO.N.TH.02.Gen.SyAv.001.001
1787,NO,N,TH,002,NO.N.TH.02.Gen.SyAv.001.002
1788,NO,N,TH,003,NO.N.TH.02.Gen.SyAv.001.003
1789,NO,N,TH,001,NO.N.TH.03.Gen.SyAv.001.001
1790,NO,N,TH,002,NO.N.TH.03.Gen.SyAv.001.002
1791,NO,N,TH,003,NO.N.TH.03.Gen.SyAv.001.003
1792,NO,N,TH,001,NO.N.TH.04.Gen.SyAv.001.001
1793,NO,N,TH,002,NO.N.TH.04.Gen.SyAv.001.002
1794,NO,N,TH,003,NO.N.TH.04.Gen.SyAv.001.003
1795,NO,N,TH,001,NO.N.TH.05.Gen.SyAv.001.001
1796,NO,N,TH,002,NO.N.TH.05.Gen.SyAv.001.002
1797,NO,N,TH,003,NO.N.TH.05.Gen.SyAv.001.003
1798,NO,N,TH,001,NO.N.TH.06.Gen.SyAv.001.001
1799,NO,N,TH,002,NO.N.TH.06.Gen.SyAv.001.002
1800,NO,N,TH,003,NO.N.TH.06.Gen.SyAv.001.003
1801,NO,N,TH,001,NO.N.TH.07.Gen.SyAv.001.001
1802,NO,N,TH,002,NO.N.TH.07.Gen.SyAv.001.002
1803,NO,N,TH,003,NO.N.TH.07.Gen.SyAv.001.003
